,code,name_x,industry,area,pe,outstanding,totals,totalAssets,liquidAssets,fixedAssets,reserved,reservedPerShare,esp,bvps,pb,timeToMarket,undp,perundp,rev,profit,gpr,npr,holders,Unnamed: 0_x,name_y,eps_2015q1,eps_yoy_2015q1,bvps_2015q1,roe_2015q1,epcf_2015q1,net_profits_2015q1,profits_yoy_2015q1,distrib_2015q1,report_date_2015q1,Unnamed: 0_y,name_x,eps_2015q2,eps_yoy_2015q2,bvps_2015q2,roe_2015q2,epcf_2015q2,net_profits_2015q2,profits_yoy_2015q2,distrib_2015q2,report_date_2015q2,Unnamed: 0_x,name_y,eps_2015q3,eps_yoy_2015q3,bvps_2015q3,roe_2015q3,epcf_2015q3,net_profits_2015q3,profits_yoy_2015q3,distrib_2015q3,report_date_2015q3,Unnamed: 0_y,name_x,eps_2015q4,eps_yoy_2015q4,bvps_2015q4,roe_2015q4,epcf_2015q4,net_profits_2015q4,profits_yoy_2015q4,distrib_2015q4,report_date_2015q4,Unnamed: 0_x,name_y,eps_2016q1,eps_yoy_2016q1,bvps_2016q1,roe_2016q1,epcf_2016q1,net_profits_2016q1,profits_yoy_2016q1,distrib_2016q1,report_date_2016q1,Unnamed: 0_y,name_x,eps_2016q2,eps_yoy_2016q2,bvps_2016q2,roe_2016q2,epcf_2016q2,net_profits_2016q2,profits_yoy_2016q2,distrib_2016q2,report_date_2016q2,Unnamed: 0_x,name_y,eps_2016q3,eps_yoy_2016q3,bvps_2016q3,roe_2016q3,epcf_2016q3,net_profits_2016q3,profits_yoy_2016q3,distrib_2016q3,report_date_2016q3,Unnamed: 0_y,name_x,eps_2016q4,eps_yoy_2016q4,bvps_2016q4,roe_2016q4,epcf_2016q4,net_profits_2016q4,profits_yoy_2016q4,distrib_2016q4,report_date_2016q4,Unnamed: 0_x,name_y,eps_2017q1,eps_yoy_2017q1,bvps_2017q1,roe_2017q1,epcf_2017q1,net_profits_2017q1,profits_yoy_2017q1,distrib_2017q1,report_date_2017q1,Unnamed: 0_y,name_x,eps_2017q2,eps_yoy_2017q2,bvps_2017q2,roe_2017q2,epcf_2017q2,net_profits_2017q2,profits_yoy_2017q2,distrib_2017q2,report_date_2017q2,Unnamed: 0_x,name_y,eps_2017q3,eps_yoy_2017q3,bvps_2017q3,roe_2017q3,epcf_2017q3,net_profits_2017q3,profits_yoy_2017q3,distrib_2017q3,report_date_2017q3,Unnamed: 0_y,name_x,eps_2017q4,eps_yoy_2017q4,bvps_2017q4,roe_2017q4,epcf_2017q4,net_profits_2017q4,profits_yoy_2017q4,distrib_2017q4,report_date_2017q4,Unnamed: 0,name_y,eps_2018q1,eps_yoy_2018q1,bvps_2018q1,roe_2018q1,epcf_2018q1,net_profits_2018q1,profits_yoy_2018q1,distrib_2018q1,report_date_2018q1
0,300369,绿盟科技,软件服务,北京,0.0,5.98,8.03,364524.59,273117.25,11103.1,140499.66,1.75,-0.035,3.54,3.58,20140129,79444.81,0.99,24.44,47.27,75.96,-17.26,28176.0,1799,绿盟科技,-0.33,6.74,9.98,-4.73,-0.45,-4479.2,79.24,,04-25,1431,绿盟科技,-0.04,-20.0,4.02,-1.06,-0.15,-1279.46,94.21,,08-25,2113,绿盟科技,-0.04,-36.74,4.1,-1.05,-0.12,-1363.93,68.05,,10-27,1300,绿盟科技,0.55,-49.07,,13.44,,19432.39,34.48,,04-23,2718,绿盟科技,-0.09,-72.8,,-1.99,,-3337.65,-25.49,,04-23,1852,绿盟科技,0.01,-119.5,4.68,0.17,-0.32,283.43,-122.15,,08-25,2212,绿盟科技,0.04,-203.91,,0.86,,1449.9,-206.3,,10-27,1205,绿盟科技,0.61,10.91,,12.47,,22012.41,13.28,,04-22,1636,绿盟科技,-0.15,61.22,,-2.85,,-5402.17,61.86,,04-27,1332,绿盟科技,-0.06,-862.82,,-2.15,,-4639.67,-1736.96,,08-26,1806,绿盟科技,-0.07,-285.71,,-2.62,,-5814.1,-501.0,,10-27,967,绿盟科技,0.2,-67.21,,6.48,,15236.77,-30.78,10派0.6,04-24,2074,绿盟科技,-0.04,-75.6,,-1.0,,-2848.79,-47.27,,04-26
48,300081,恒信东方,通信设备,河北,12.03,3.16,5.31,262430.88,148799.69,3715.6,152016.73,2.86,0.28300000000000003,4.53,3.0,20100520,34128.06,0.64,96.75,2012.16,33.29,97.2,22949.0,2423,恒信东方,-0.05,-54.55,5.79,-0.91,0.01,-706.35,-52.32,,04-23,2756,恒信东方,0.03,-120.0,5.87,0.47,0.0,365.76,-117.68,,08-05,2670,恒信东方,-0.05,-76.32,5.79,-0.78,-0.16,-605.69,-76.21,,10-23,2909,恒信东方,0.08,0.0,,1.34,,1058.85,0.46,,03-24,2784,恒信东方,0.02,-140.0,,0.27,,215.23,-130.47,,04-23,3312,恒信东方,0.01,-66.67,2.36,0.6,0.05,473.92,29.57,,07-28,2447,恒信东方,-0.01,-71.11,,-0.54,,-428.26,-29.29,,10-27,1770,恒信东方,0.04,-55.5,,0.66,,1582.32,49.44,,04-13,2349,恒信东方,-0.02,-188.5,,-0.69,,-784.22,-464.36,,04-26,1548,恒信东方,0.13,1200.0,,3.71,,6131.61,1193.81,,08-25,2645,恒信东方,0.16,-1330.77,,4.34,,7868.75,-1937.37,,10-26,774,恒信东方,0.19,430.62,,4.95,,9414.44,494.98,10派0.5,04-25,1634,恒信东方,0.28,-1696.05,,6.43,,14995.58,-2012.17,,04-27
64,2798,帝欧家居,家居用品,四川,47.05,0.55,2.27,457675.66,257739.59,74720.0,247863.55,10.93,0.195,12.67,2.89,20160525,30270.63,1.34,935.55,2214.83,33.01,5.84,8330.0,69,帝欧家居,,,,,,-492.51,,,04-28,219,帝欧家居,0.27,,5.43,5.09,0.3,1757.33,,,11-20,150,帝欧家居,0.35,,,,,2254.0,,,10-28,860,帝欧家居,0.82,18.84,5.98,14.76,0.96,5342.19,19.9,,04-28,1607,帝欧家居,,,,,,-210.83,-57.19,,04-28,3044,帝欧家居,0.25,-7.41,,4.1,,1742.45,-0.85,,08-09,1417,帝欧家居,0.35,-0.8,,5.44,,2567.41,13.9,,10-28,2311,帝欧家居,0.65,-20.73,,10.06,,5063.11,-5.22,,03-31,2866,帝欧家居,0.02,,,0.33,,190.8,-190.5,,04-25,3306,帝欧家居,0.28,12.0,,4.07,,2413.02,38.48,,08-03,818,帝欧家居,0.37,6.37,,5.4,,3171.97,23.55,,10-30,2440,帝欧家居,0.63,-3.08,,8.85,,5452.51,7.69,,03-31,3143,帝欧家居,0.37,1750.0,,2.13,,4416.8,2214.83,,04-21
68,2426,胜利精密,元器件,江苏,24.56,20.88,34.42,1990338.25,1171688.38,391379.28,386393.06,1.12,0.045,2.61,1.68,20100608,155919.31,0.45,34.38,7.7,12.0,3.34,69679.0,1676,胜利精密,0.05,-43.02,,1.51,,4546.49,40.36,,04-27,1967,胜利精密,0.1,-2.89,,3.16,,9615.12,19.44,,08-21,1380,胜利精密,0.19,33.29,,5.88,,19268.38,58.38,,10-29,2443,胜利精密,0.25,58.93,,7.17,,26516.46,89.4,,03-31,2698,胜利精密,0.17,259.0,,3.77,,19307.89,324.68,,04-25,2510,胜利精密,0.14,44.98,,7.87,,41124.0,327.7,,08-19,2154,胜利精密,0.2,3.79,,8.71,,58101.51,201.54,,10-27,1448,胜利精密,0.11,-55.74,,7.87,,42942.11,61.95,,04-20,3336,胜利精密,0.04,-74.86,,1.68,,14249.19,-26.2,,04-20,2733,胜利精密,0.09,-33.57,,3.78,,32163.74,-21.79,,08-18,1820,胜利精密,0.11,-42.52,,4.6,,39314.44,-32.33,,10-27,3304,胜利精密,0.14,20.41,,5.39,,46225.78,7.65,,03-13,3150,胜利精密,0.04,7.21,,1.73,,15345.73,7.7,,04-21
76,601678,滨化股份,化工原料,山东,10.94,15.44,15.44,1057409.13,242296.55,430595.19,127384.57,0.82,0.172,3.7,2.03,20100223,272725.34,1.77,11.96,50.72,29.46,14.86,44310.0,2866,滨化股份,0.13,-40.91,,2.82,,12555.48,-11.58,,04-16,3005,滨化股份,0.25,-28.98,,5.48,,24724.84,6.42,,07-23,3041,滨化股份,0.34,-28.93,,7.54,,34145.32,8.15,,10-16,3398,滨化股份,0.44,-20.0,,9.43,,43100.13,19.17,10派1.5转2,02-26,3159,滨化股份,0.05,-61.54,,1.1,,5279.83,-57.95,,04-19,3366,滨化股份,0.04,-84.0,,1.01,,4801.72,-80.58,,07-22,3420,滨化股份,0.12,-64.71,,2.94,,13961.93,-59.11,,10-15,3331,滨化股份,0.3,-31.82,,7.41,,35881.31,-16.75,10派1,03-02,3490,滨化股份,0.15,200.0,,3.47,,17614.57,233.62,,04-14,3480,滨化股份,0.3,650.0,,7.04,,36159.81,653.06,,07-21,3121,滨化股份,0.47,291.67,,10.76,,55962.09,300.82,,10-23,3354,滨化股份,0.7,133.33,,15.5,,82576.13,130.14,10派2.2转3,03-09,3457,滨化股份,0.22,46.67,,4.54,,26549.58,50.73,,04-14
78,2139,拓邦股份,元器件,深圳,42.43,5.2,6.8,345093.66,203291.91,52470.48,77146.31,1.13,0.07,2.92,3.64,20070629,53339.66,0.78,29.22,20.14,21.63,6.2,43408.0,2087,拓邦股份,0.06,50.0,,1.94,,1292.08,58.2,,04-24,2747,拓邦股份,0.16,45.45,,4.78,,3729.02,59.78,,08-05,2912,拓邦股份,0.28,27.27,,8.08,,6643.42,37.68,,10-22,1701,拓邦股份,0.34,13.33,,9.52,,8062.94,23.88,,04-19,1410,拓邦股份,0.07,16.67,,1.74,,1703.33,31.83,,04-28,3334,拓邦股份,0.12,-25.0,,3.83,,4967.15,33.2,,07-26,2387,拓邦股份,0.26,-7.14,,7.34,,10520.85,58.37,,10-27,2918,拓邦股份,0.35,2.94,,9.74,,14429.37,78.96,10派1.5转5,03-21,3405,拓邦股份,0.08,14.29,,2.04,,3540.68,107.87,,04-18,3356,拓邦股份,0.14,16.67,,5.25,,9395.15,89.15,,07-31,2971,拓邦股份,0.26,0.0,,9.37,,17250.27,63.96,,10-24,2893,拓邦股份,0.32,-8.57,,11.5,,21001.93,45.55,10派1转5,03-27,3287,拓邦股份,0.07,-12.5,,2.17,,4253.65,20.14,,04-20
80,600525,长园集团,电气设备,深圳,73.92,12.53,13.25,2183885.0,916520.19,232075.47,215057.3,1.62,0.061,6.22,2.9,20021202,353220.44,2.67,34.97,83.33,46.46,5.12,27489.0,1224,长园集团,0.05,32.0,,1.52,,4273.66,31.97,,04-28,2441,长园集团,0.17,16.12,,5.26,,15043.12,18.48,,08-14,2700,长园集团,0.37,24.57,,10.56,,33139.72,30.61,,10-23,2055,长园集团,0.51,21.43,,13.1,,48293.9,32.01,10派1.35转2,04-09,2903,长园集团,0.1,92.93,,1.91,,10264.34,140.18,,04-22,2297,长园集团,0.25,45.17,,4.91,,27001.51,79.49,,08-20,3116,长园集团,0.39,6.2,,7.99,,45315.39,36.74,,10-22,3147,长园集团,0.53,3.92,,10.28,,64005.76,32.53,10派0.8,03-14,3168,长园集团,0.03,-65.65,,0.61,,4403.8,-57.1,,04-21,2554,长园集团,0.2,-18.08,,3.66,,26470.77,-1.97,,08-19,686,长园集团,0.48,24.31,,8.43,,62783.89,38.55,,10-30,1109,长园集团,0.88,66.04,,15.51,,113639.42,77.55,10派0.9,04-24,1973,长园集团,0.06,88.72,,1.02,,8073.38,83.33,,04-26
84,2449,国星光电,半导体,广东,24.62,5.48,6.18,605788.56,355941.88,211472.7,162906.84,2.63,0.13,5.24,2.44,20100716,96969.81,1.57,25.79,55.32,22.56,9.79,31862.0,2658,国星光电,0.08,38.93,,1.51,,3453.78,38.93,,04-21,2526,国星光电,0.19,29.33,,3.65,,8356.57,29.66,,08-12,2854,国星光电,0.28,17.86,,5.06,,12280.34,22.26,,10-23,2724,国星光电,0.35,5.08,,6.39,,16024.25,10.7,,03-28,2624,国星光电,0.08,-1.99,,1.34,,3742.71,8.37,,04-25,2614,国星光电,0.2,2.53,,3.38,,9462.19,13.23,,08-18,2881,国星光电,0.28,-0.25,,4.68,,13089.78,6.59,,10-25,2872,国星光电,0.4,14.25,,6.85,,19232.02,20.02,,03-22,2991,国星光电,0.11,38.25,,1.77,,5175.76,38.29,,04-24,2623,国星光电,0.32,62.44,,5.2,,15370.32,62.44,,08-18,3129,国星光电,0.54,97.46,,8.67,,25840.71,97.41,,10-23,3118,国星光电,0.75,86.76,,11.9,,35913.39,86.74,,03-21,3333,国星光电,0.17,55.33,,2.51,,8039.0,55.32,,04-19
90,603822,嘉澳环保,环境保护,浙江,76.18,0.41,0.73,132802.63,70818.43,31102.3,25468.45,3.47,0.118,9.98,3.61,20160428,32434.6,4.42,8.49,97.65,13.1,4.37,13686.0,91,嘉澳环保,0.05,,,,,299.94,,,04-27,27,嘉澳环保,0.34,,,4.9,,1854.02,,,08-25,148,嘉澳环保,0.52,,,7.44,,2854.65,,,10-28,1938,嘉澳环保,0.71,7.45,7.42,9.99,0.93,3885.52,7.45,,04-14,1981,嘉澳环保,0.09,63.67,,,,490.55,63.55,,04-27,1746,嘉澳环保,0.27,-18.51,,3.52,,1678.85,-9.45,,08-25,1407,嘉澳环保,0.42,-18.55,,5.26,,2756.09,-3.45,,10-28,3428,嘉澳环保,0.64,-9.71,,7.78,,4288.79,10.38,10派2.08,02-23,2386,嘉澳环保,0.06,-32.85,,0.69,,439.42,-10.42,,04-26,724,嘉澳环保,0.22,-19.8,,2.55,,1616.2,-3.73,,08-29,914,嘉澳环保,0.41,-3.43,,4.51,,2994.36,8.65,,10-30,2144,嘉澳环保,0.7,8.97,,7.83,,5098.63,18.88,10派2.14,04-05,1820,嘉澳环保,0.12,97.66,,1.2,,868.51,97.65,,04-26
98,300024,机器人,专用机械,辽宁,131.44,15.14,15.6,880195.5,619287.63,118678.1,265034.88,1.7,0.039,3.83,5.35,20091030,160291.41,1.03,20.46,5.07,33.89,11.21,150637.0,1677,机器人,0.08,-50.0,3.06,2.63,-0.29,5147.09,11.02,,04-27,1155,机器人,0.24,20.0,3.18,7.82,-0.32,15743.34,21.54,,08-26,2163,机器人,0.35,19.7,3.25,11.37,-0.45,23179.82,21.08,,10-27,3234,机器人,0.6,20.0,,16.72,,39482.35,21.23,,03-10,2734,机器人,0.08,0.0,,1.03,,5410.86,5.12,,04-23,1335,机器人,0.11,-54.17,3.4,3.13,-0.17,16570.13,5.25,,08-26,2259,机器人,0.16,-54.29,,4.68,,24846.36,7.19,,10-27,3220,机器人,0.26,-56.12,,7.64,,41077.36,4.04,,03-10,3030,机器人,0.04,-53.63,,1.04,,5792.97,7.06,,04-22,2964,机器人,0.11,0.0,,3.13,,17674.94,6.67,,08-15,3063,机器人,0.18,12.5,,4.8,,27371.33,10.16,,10-24,3044,机器人,0.28,5.24,,7.48,,43237.79,5.26,10派0.5,03-23,3258,机器人,0.04,5.12,,1.02,,6086.67,5.07,,04-20
106,300358,楚天科技,医疗保健,湖南,62.26,1.5,4.8,391464.06,251415.97,61306.33,122903.15,2.56,0.05,4.88,2.55,20140121,70102.4,1.46,37.72,-6.88,34.94,6.96,17815.0,2808,楚天科技,0.11,-81.67,3.52,2.96,-0.15,2504.88,-40.83,,04-17,1402,楚天科技,0.21,-65.0,3.62,5.82,-0.07,4884.22,-29.46,,08-26,2716,楚天科技,0.36,-61.7,5.4,8.81,-0.0,8594.62,-21.27,,10-23,1939,楚天科技,0.62,-54.07,,13.76,,15338.9,-2.24,,04-13,2125,楚天科技,0.1,-9.09,,1.65,,2531.89,1.08,,04-27,3119,楚天科技,0.11,-47.62,3.45,3.24,-0.09,4984.37,2.05,,08-06,1719,楚天科技,0.22,-38.89,,6.11,,9495.09,10.48,,10-28,1778,楚天科技,0.33,-46.77,,9.08,,14312.5,-6.69,,04-13,2162,楚天科技,0.06,-40.0,,1.53,,2571.57,1.57,,04-26,747,楚天科技,0.15,36.36,,3.66,,6229.78,24.99,,08-29,1156,楚天科技,0.25,13.64,,6.15,,10543.11,11.04,,10-28,1058,楚天科技,0.37,12.12,,9.13,,16039.62,12.07,,04-24,2781,楚天科技,0.05,-16.67,,1.03,,2394.65,-6.88,,04-24
122,2757,南兴装备,家居用品,广东,38.06,0.4,1.11,118056.32,71564.81,39627.96,39010.84,3.51,0.236,8.13,4.42,20150527,39435.9,3.55,56.49,51.5,28.04,12.05,10003.0,200,南兴装备,0.16,4.15,,,,1318.07,4.2,,05-26,2355,南兴装备,0.4,5.91,,8.2,,3428.37,11.8,,08-17,2393,南兴装备,0.44,-22.49,,5.96,,4136.66,-11.02,,10-26,1573,南兴装备,0.51,-33.8,,8.96,,5014.09,-20.93,,04-20,3105,南兴装备,0.09,-42.38,,1.4,,1012.94,-23.15,,04-20,2651,南兴装备,0.28,-30.22,,4.12,,3022.45,-11.84,,08-18,3108,南兴装备,0.41,-5.83,,5.91,,4524.19,9.37,,10-22,1455,南兴装备,0.61,18.64,,8.9,,6640.38,32.43,,04-20,3340,南兴装备,0.16,71.17,,2.21,,1732.52,71.04,,04-20,2813,南兴装备,0.49,77.24,,6.69,,5356.46,77.22,,08-17,3339,南兴装备,0.69,66.58,,9.33,,7536.33,66.58,,10-20,1342,南兴装备,0.99,62.93,,13.18,,10818.87,62.93,10派3,04-20,3187,南兴装备,0.24,49.15,,2.96,,2624.84,51.5,,04-20
138,2274,华昌化工,农药化肥,江苏,360.05,4.9,6.35,666332.19,160510.73,315593.5,154951.23,2.44,0.005,4.18,1.7,20080925,23876.09,0.38,-1.52,-93.72,8.78,0.24,30992.0,2018,华昌化工,-0.07,195.6,,-1.86,,-3692.29,338.97,,04-25,1794,华昌化工,0.01,-128.08,,0.18,,366.96,-128.28,,08-22,2592,华昌化工,0.04,-136.6,,0.91,,1882.07,-138.35,,10-24,1793,华昌化工,0.05,-121.75,,1.35,,2938.73,-123.73,,04-16,474,华昌化工,0.01,-108.66,,0.14,,404.74,-110.96,,04-30,2886,华昌化工,0.02,173.97,,0.45,,1267.12,245.3,,08-13,883,华昌化工,0.03,-29.23,,0.59,,1646.31,-12.53,,10-29,1227,华昌化工,0.05,-10.58,,1.11,,3060.3,4.14,,04-22,2763,华昌化工,0.08,1131.25,,1.81,,5001.92,1135.82,,04-25,3081,华昌化工,0.05,138.5,,1.13,,3028.73,139.02,,08-11,3272,华昌化工,0.03,12.74,,0.69,,1853.98,12.61,,10-21,984,华昌化工,0.09,87.34,,2.12,,5731.49,87.28,10派1,04-24,409,华昌化工,0.0,-93.78,,0.12,,313.89,-93.72,,04-28
146,2750,龙津药业,中成药,云南,132.45,3.97,4.0,79841.96,48050.26,21867.42,11.27,0.0,0.018000000000000002,1.63,5.88,20150324,20618.48,0.51,39.41,-48.07,92.09,8.74,23779.0,2375,龙津药业,0.29,33.56,,5.02,,1470.32,33.55,,04-23,2208,龙津药业,0.5,-6.18,,6.57,,2907.3,9.55,,08-18,2129,龙津药业,0.23,-73.87,,9.04,,4401.63,1.75,,10-27,2176,龙津药业,0.32,-75.21,,12.03,,6180.11,-2.79,,04-06,1274,龙津药业,0.08,-72.83,,2.64,,1600.96,8.88,,04-29,2663,龙津药业,0.08,-83.05,,5.55,,3380.81,16.29,,08-18,2572,龙津药业,0.18,-18.84,,11.76,,7350.66,67.0,,10-26,2003,龙津药业,0.23,-27.89,,14.38,,9103.44,47.3,,04-07,2136,龙津药业,0.03,-56.45,,2.06,,1394.71,-12.88,,04-26,1586,龙津药业,0.06,-30.81,,3.43,,2340.2,-30.78,,08-25,954,龙津药业,0.08,-58.2,,4.71,,3070.94,-58.22,,10-30,1615,龙津药业,0.09,-61.37,,5.43,,3515.95,-61.38,10派0.3,04-18,3064,龙津药业,0.02,-47.99,,1.12,,724.22,-48.07,,04-21
162,600367,红星发展,化工原料,贵州,37.01,2.91,2.91,169952.13,98074.88,46884.55,28415.1,0.98,0.073,4.06,2.66,20010320,40277.28,1.38,8.32,60.42,29.32,6.14,39802.0,1300,红星发展,-0.02,-0.0,,-0.55,,-673.98,-4.61,,04-28,2681,红星发展,-0.03,200.0,4.17,-0.83,,-1012.99,151.37,,08-07,1705,红星发展,-0.04,-300.0,,-0.85,,-1030.94,-265.39,,10-28,2328,红星发展,-0.65,-826.44,3.52,-16.94,,-19039.1,-856.6,,03-31,3047,红星发展,0.01,-130.0,,0.18,,187.98,-127.89,,04-21,2905,红星发展,0.1,-433.33,3.62,2.75,,2862.94,-382.62,,08-12,2237,红星发展,0.1,-350.0,,2.72,,2824.03,-373.93,,10-27,3222,红星发展,0.16,-124.09,,4.37,,4585.95,-124.09,10派0.16,03-10,3389,红星发展,0.05,650.0,,1.23,,1323.18,603.89,,04-18,3264,红星发展,0.13,30.0,,3.59,,3912.31,36.65,,08-05,3467,红星发展,0.26,160.0,,6.75,,7475.28,164.7,,10-13,3293,红星发展,0.33,108.19,,8.55,,9547.36,108.19,10派0.33,03-15,3231,红星发展,0.07,62.22,,1.81,,2122.59,60.42,,04-20
178,2423,中原特钢,特种钢,河南,0.0,5.03,5.03,349536.19,127061.22,196759.06,106785.57,2.12,-0.066,3.06,4.02,20100603,-7664.92,-0.15,-6.27,13.09,2.44,-18.53,17539.0,778,中原特钢,-0.02,4.35,,-0.6,,-1213.94,13.8,,04-29,2520,中原特钢,-0.05,128.57,,-1.19,,-2407.75,149.62,,08-12,3058,中原特钢,-0.13,202.38,,-3.19,,-6402.49,224.65,,10-14,749,中原特钢,-0.42,326.33,,-11.06,,-21335.22,357.42,,04-29,901,中原特钢,-0.04,75.0,,-1.17,,-2120.93,74.71,,04-30,2970,中原特钢,-0.1,102.08,,-2.71,,-4876.66,102.54,,08-11,3436,中原特钢,-0.18,40.16,,-5.03,,-8953.03,39.84,,10-14,1965,中原特钢,0.01,-102.36,,0.28,,519.79,-102.44,,04-08,3195,中原特钢,-0.08,80.95,,-2.13,,-3846.68,81.37,,04-21,1757,中原特钢,-0.2,104.02,,-5.59,,-9955.62,104.15,,08-25,3465,中原特钢,-0.29,64.21,,-8.37,,-14702.99,64.22,,10-13,2571,中原特钢,-0.51,-5228.0,,-15.17,,-25792.04,-5062.01,,03-30,3117,中原特钢,-0.07,-12.5,,-2.15,,-3343.28,-13.09,,04-21
182,300050,世纪鼎利,软件服务,广东,90.62,3.65,5.61,346388.78,133466.45,10309.82,174408.0,3.11,0.021,5.0,1.54,20100120,52409.56,0.93,18.51,-62.1,39.97,5.97,30268.0,2370,世纪鼎利,0.08,300.0,7.93,0.97,-0.13,1903.38,476.33,,04-23,2638,世纪鼎利,0.17,112.5,7.98,2.12,-0.05,4188.89,154.97,,08-08,2804,世纪鼎利,0.3,150.0,8.11,3.67,-0.01,7325.92,185.16,,10-23,2222,世纪鼎利,0.46,130.0,,5.7,,11443.36,160.92,,04-01,1899,世纪鼎利,0.1,20.5,,1.16,,2404.94,26.35,,04-27,3270,世纪鼎利,0.11,-35.29,4.17,2.56,-0.04,5353.66,27.81,,07-29,2298,世纪鼎利,0.17,-43.2,,4.04,,8503.76,16.08,,10-27,3289,世纪鼎利,0.24,-47.83,,5.71,,11993.82,4.81,,03-07,2327,世纪鼎利,0.06,-34.75,,1.45,,3139.42,30.54,,04-26,3424,世纪鼎利,0.15,36.36,,3.34,,7275.17,35.89,,07-28,948,世纪鼎利,0.18,5.63,,4.11,,9007.75,5.93,,10-30,805,世纪鼎利,0.21,-12.5,,4.65,,11209.41,-6.54,10派0.2,04-25,2497,世纪鼎利,0.02,-68.2,,0.43,,1189.84,-62.1,,04-25
218,300299,富春股份,通信设备,福建,55.28,4.2,5.7,226098.52,66603.78,2540.68,64911.11,1.14,0.034,2.23,3.36,20120319,3882.03,0.07,-18.81,-69.05,62.92,13.76,35038.0,1771,富春股份,-0.01,-75.0,2.23,-0.3,0.02,-122.79,-75.5,,04-25,1744,富春股份,0.08,100.0,3.36,5.14,0.07,2289.69,256.27,,08-22,2112,富春股份,0.13,85.71,3.41,8.2,0.08,4123.18,218.18,,10-27,2251,富春股份,0.21,162.5,,7.52,,6995.09,376.31,,03-31,2150,富春股份,0.04,-500.0,,1.08,,1436.15,-1269.62,,04-27,3075,富春股份,0.11,37.5,3.54,3.03,-0.02,4072.24,77.85,,08-09,1517,富春股份,0.19,46.15,,5.43,,7349.73,78.25,,10-28,857,富春股份,0.29,38.1,,8.02,,10980.17,56.97,,04-26,2151,富春股份,0.16,300.0,,4.3,,6221.65,333.22,,04-26,761,富春股份,0.21,90.91,,5.59,,8137.87,99.84,,08-29,1195,富春股份,0.14,-27.11,,5.46,,7892.94,7.39,,10-28,257,富春股份,-0.3,-203.45,,-12.88,,-17129.2,-256.0,10转3,04-27,1257,富春股份,0.03,-81.25,,1.53,,1925.65,-69.05,,04-27
250,2796,世嘉科技,专用机械,江苏,107.86,0.3,1.03,188930.38,93798.78,25113.23,96351.6,9.4,0.07,11.49,2.33,20160510,12069.17,1.18,144.89,30.2,15.46,2.35,15288.0,33,世嘉科技,0.11,,,2.86,0.06,676.14,,,05-09,59,世嘉科技,0.39,,,9.95,,2352.93,,,08-09,208,世嘉科技,0.64,,,,,3817.77,,,10-26,1220,世嘉科技,0.9,-5.26,,22.11,0.85,5389.19,-5.59,,04-25,449,世嘉科技,0.11,0.0,4.42,2.53,-0.02,655.06,-3.12,,05-09,3065,世嘉科技,0.35,-10.26,,7.12,,2189.45,-6.95,10派6,08-09,2593,世嘉科技,0.51,-20.31,,9.37,,3534.42,-7.42,,10-26,2008,世嘉科技,0.68,-24.44,,12.05,,4861.83,-9.79,,04-07,3014,世嘉科技,0.06,-45.45,,1.0,,487.43,-25.59,,04-22,2486,世嘉科技,0.18,-48.57,,2.95,,1444.26,-34.04,,08-19,3457,世嘉科技,0.29,-43.14,,4.7,,2288.87,-35.24,,10-14,3184,世嘉科技,0.32,-52.94,,5.29,,2569.25,-47.15,,03-20,2602,世嘉科技,0.07,16.67,,0.67,,634.63,30.2,,04-25
251,55,方大集团,其他建材,深圳,19.1,6.78,11.84,756252.25,439308.0,48695.43,7282.93,0.06,0.083,2.81,2.26,19960415,196156.88,1.66,13.34,45.19,38.75,15.13,63651.0,2654,方大集团,0.02,34.87,,1.25,,1550.43,35.02,,04-21,456,方大集团,0.07,40.0,,4.07,,5131.76,25.87,,08-29,2496,方大集团,0.1,18.75,,5.66,,7155.56,20.67,,10-24,1122,方大集团,0.14,7.69,,8.42,,10727.24,10.59,10派1,04-26,2399,方大集团,0.03,46.34,,1.67,,2218.88,43.11,,04-26,3173,方大集团,0.07,0.0,,3.99,,5315.64,3.58,,08-02,3012,方大集团,0.15,57.89,,7.9,,11425.65,59.68,,10-25,2936,方大集团,0.91,550.0,,38.83,,69795.64,550.64,10派3.5转5,03-21,2827,方大集团,0.09,200.0,,2.83,,6775.92,205.38,,04-25,3337,方大集团,0.19,175.14,,9.37,,22800.33,328.93,,08-01,160,方大集团,0.31,106.67,,14.91,,36121.98,216.15,,10-31,1053,方大集团,0.97,6.59,,41.53,,114440.44,63.97,10派1.5,04-24,2923,方大集团,0.08,-11.11,,2.99,,9837.76,45.19,,04-24
263,2676,顺威股份,塑料,广东,0.0,7.2,7.2,194848.17,121509.85,55369.05,6072.4,0.08,-0.023,1.41,3.13,20120525,19061.05,0.26,8.77,-358.73,14.69,-4.05,47222.0,2390,顺威股份,0.04,-42.86,,0.6,,646.58,-45.97,,04-23,2438,顺威股份,0.14,-33.33,,2.04,,2193.9,-33.68,,08-14,2453,顺威股份,0.06,-76.0,,0.96,,1017.81,-74.16,,10-26,3460,顺威股份,0.01,-96.67,,0.2,,212.32,-95.6,,02-05,1485,顺威股份,0.01,-75.0,,0.45,,479.86,-25.78,,04-28,2564,顺威股份,0.07,-50.0,,2.56,,2735.51,24.69,,08-19,2268,顺威股份,0.07,16.67,,2.6,,2780.03,173.14,,10-27,982,顺威股份,0.08,700.0,,2.88,,3079.67,1350.49,,04-25,2647,顺威股份,0.02,100.0,,0.6,,650.67,35.59,,04-25,2082,顺威股份,0.02,-75.0,,1.15,,1257.95,-54.01,,08-23,2870,顺威股份,0.01,-79.71,,0.94,,1018.95,-63.35,,10-25,1062,顺威股份,-0.07,-183.38,,-4.55,,-4803.98,-255.99,,04-24,2763,顺威股份,-0.02,-217.0,,-1.65,,-1683.45,-358.73,,04-24
279,2766,索菱股份,汽车配件,深圳,53.0,1.89,4.22,336282.88,212781.66,41331.51,91269.07,2.16,0.067,4.47,3.19,20150611,50741.4,1.2,63.92,35.8,32.49,7.26,29066.0,42,索菱股份,0.11,,,2.56,,1519.99,,,04-29,2044,索菱股份,0.26,8.33,,5.88,,3557.31,10.08,,08-20,1536,索菱股份,0.38,-9.52,,8.12,,5849.73,1.79,,10-29,1060,索菱股份,0.41,-12.77,,8.42,,6526.36,1.17,,04-26,1100,索菱股份,0.09,-18.18,,1.6,,1558.07,2.51,,04-29,2757,索菱股份,0.19,-26.92,,3.52,,3447.52,-3.09,,08-16,3327,索菱股份,0.33,-13.16,,6.16,,6069.09,3.75,,10-20,1036,索菱股份,0.42,2.44,,7.66,,7654.18,17.28,,04-25,2778,索菱股份,0.11,22.22,,2.04,,2090.53,34.17,,04-25,2418,索菱股份,0.29,52.79,,4.05,,5716.8,65.82,,08-21,2652,索菱股份,0.26,-21.21,,6.97,,10791.98,77.82,,10-26,810,索菱股份,0.35,-16.67,,8.78,,14221.95,85.81,10派0.25,04-25,2559,索菱股份,0.07,-36.36,,1.5,,2838.86,35.8,,04-25
283,600099,林海股份,摩托车,江苏,14421.0,2.19,2.19,60011.28,42018.71,13619.27,20273.75,0.93,0.0,2.15,4.07,19970704,2360.67,0.11,22.65,-94.0,10.74,0.03,18013.0,1833,林海股份,0.0,30.0,,0.12,,56.59,14.2,,04-25,339,林海股份,0.01,-4.35,,0.31,,145.24,-3.79,,08-29,2178,林海股份,0.01,6.8,,0.41,,238.02,5.6,,10-27,3191,林海股份,0.01,-19.4,,0.5,,236.03,-19.42,,03-12,2796,林海股份,0.01,126.92,,0.27,,128.33,126.78,,04-23,1204,林海股份,0.01,-6.06,,0.29,,135.1,-6.98,,08-27,2384,林海股份,0.01,-27.27,,0.39,,182.9,-23.16,,10-27,3196,林海股份,0.01,-18.52,,0.41,,193.4,-18.06,10派0.4,03-11,774,林海股份,0.0,-57.63,,0.09,,55.33,-56.88,,04-29,1398,林海股份,0.01,0.0,,0.28,,135.84,0.55,,08-26,3237,林海股份,0.01,37.5,,0.4,,234.54,28.24,,10-21,3203,林海股份,0.01,0.0,,0.41,,192.7,-0.36,,03-17,695,林海股份,0.0,-92.0,,0.01,,3.33,-93.99,,04-28
287,600391,航发科技,航空,四川,0.0,3.3,3.3,568105.19,353810.94,177792.84,101153.42,3.06,-0.035,5.38,3.39,20011212,33148.23,1.0,-3.38,-465.28,20.53,-3.03,50693.0,1213,航发科技,-0.01,-10100.0,,-0.22,,-369.25,-11379.07,,04-28,1773,航发科技,0.07,0.0,,1.31,,2202.84,-1.03,,08-22,1314,航发科技,0.1,25.0,,1.93,,3252.62,22.77,,10-29,2618,航发科技,0.1,11.11,,1.88,,3162.55,6.94,10派0.3,03-29,970,航发科技,0.02,-300.0,,0.35,,595.9,-261.38,,04-29,1343,航发科技,0.1,42.86,,1.84,,3138.6,42.48,,08-26,1453,航发科技,0.12,20.0,,2.32,,3970.06,22.06,,10-28,2091,航发科技,0.13,30.0,,2.48,,4255.0,34.54,,04-01,1220,航发科技,0.01,-50.0,,0.18,,319.2,-46.43,,04-28,195,航发科技,0.08,-20.0,,1.56,,2733.64,-12.9,,08-31,1000,航发科技,0.07,-41.67,,1.3,,2264.49,-42.96,,10-28,2212,航发科技,0.14,7.69,,2.66,,4687.39,10.16,10派0.3,04-03,2450,航发科技,-0.04,-500.0,,-0.65,,-1165.96,-465.28,,04-25
303,2415,海康威视,电器仪表,浙江,53.35,79.07,92.27,5020826.0,4255464.5,405325.59,185362.3,0.2,0.197,3.49,12.02,20100528,1841429.38,2.0,32.95,22.64,45.06,19.39,137437.0,2903,海康威视,0.26,52.05,,6.79,,104464.19,52.14,,04-11,3010,海康威视,0.55,45.5,,14.29,,220652.17,45.2,,07-23,2974,海康威视,0.94,39.26,,23.72,,376998.68,39.13,,10-20,2097,海康威视,1.46,24.79,,35.28,,586904.96,25.8,,04-09,3291,海康威视,0.29,9.62,,5.76,,114361.54,9.47,,04-09,3357,海康威视,0.43,-21.82,,12.96,,260684.65,18.14,,07-23,3439,海康威视,0.81,-13.83,,23.69,,484995.75,28.65,,10-12,1737,海康威视,1.23,-15.96,,34.56,,742226.2,26.46,,04-14,3491,海康威视,0.25,-14.04,,5.91,,148081.69,29.49,,04-14,3476,海康威视,0.36,-16.98,,12.98,,329154.61,26.27,,07-22,328,海康威视,0.67,-17.16,,22.38,,615281.42,26.86,,10-31,1219,海康威视,1.03,-16.06,,34.96,,941085.51,26.79,10派5,04-21,3157,海康威视,0.2,-18.78,,5.8,,181596.46,22.63,,04-21
305,2703,浙江世宝,汽车配件,浙江,0.0,4.5,7.9,209792.45,122933.26,59959.28,18525.0,0.23,-0.006999999999999999,1.86,3.45,20121102,35922.65,0.45,0.29,-130.9,14.5,-1.95,42987.0,1702,浙江世宝,0.05,2.04,,1.14,,1632.65,19.01,,04-27,1697,浙江世宝,0.11,14.3,,2.51,,3610.98,29.98,,08-24,2446,浙江世宝,0.15,15.26,,3.38,,4841.68,31.32,,10-26,2831,浙江世宝,0.17,5.94,,3.73,,5354.08,23.44,,03-25,1465,浙江世宝,0.05,6.6,,1.16,,1682.61,3.06,,04-28,1233,浙江世宝,0.12,7.7,,2.66,,3886.74,7.64,,08-27,3053,浙江世宝,0.16,4.96,,3.49,,5083.62,5.0,,10-24,2672,浙江世宝,0.2,18.58,,4.35,,6348.75,18.58,,03-27,2235,浙江世宝,0.06,6.57,,1.21,,1794.77,6.67,,04-26,2459,浙江世宝,0.13,2.11,,2.66,,3971.51,2.18,,08-21,3174,浙江世宝,0.05,-67.68,,2.77,,4107.9,-19.19,,10-23,2955,浙江世宝,0.04,-79.4,,2.21,,3265.61,-48.56,,03-26,3018,浙江世宝,-0.01,-112.32,,-0.38,,-554.62,-130.9,,04-23
307,2224,三 力 士,橡胶,浙江,66.35,4.7,6.58,198839.41,97302.53,42318.95,11719.87,0.18,0.029,2.59,2.96,20080425,80070.55,1.22,16.59,-40.05,35.88,10.55,68118.0,802,三力士,0.03,-40.0,,1.83,,2260.32,31.88,,04-29,2749,三力士,0.15,25.0,,7.78,,9826.24,30.38,,08-05,3023,三力士,0.28,33.33,,14.15,,18269.7,36.03,,10-17,2536,三力士,0.38,26.67,,18.79,,24693.01,25.06,,03-30,1874,三力士,0.04,33.33,,1.67,,2400.52,6.2,,04-27,2607,三力士,0.15,0.0,,6.75,,9865.57,0.4,,08-18,1989,三力士,0.24,-14.29,,10.49,,15435.05,-15.52,,10-28,2924,三力士,0.34,-10.53,,15.01,,22582.89,-8.55,10派1,03-21,1940,三力士,0.05,25.0,,1.97,,3176.18,32.31,,04-27,3453,三力士,0.13,-13.33,,5.3,,8501.98,-13.82,,07-26,674,三力士,0.19,-20.83,,7.74,,12504.97,-18.98,,10-30,1180,三力士,0.24,-29.41,,9.86,,16079.28,-28.8,10派0.5,04-23,2389,三力士,0.03,-40.0,,1.12,,1904.27,-40.05,,04-25
323,300213,佳讯飞鸿,通信设备,北京,92.16,3.76,5.95,297447.28,196371.75,15995.54,81043.21,1.36,0.021,3.27,2.39,20110505,48947.46,0.82,34.61,111.69,32.37,5.07,38079.0,2814,佳讯飞鸿,0.02,-33.33,3.53,0.46,-0.16,419.85,6.21,,04-17,2891,佳讯飞鸿,0.12,29.85,3.54,3.33,-0.16,3110.56,34.5,,07-30,2985,佳讯飞鸿,0.22,10.49,3.64,6.13,-0.27,5744.92,14.45,,10-20,2979,佳讯飞鸿,0.32,14.29,,8.89,,8292.88,19.17,,03-22,3199,佳讯飞鸿,0.02,0.0,,0.59,,522.03,24.34,,04-19,3078,佳讯飞鸿,0.16,36.83,3.42,4.76,-0.23,4258.26,36.9,,08-09,2574,佳讯飞鸿,0.28,27.58,,8.12,,7329.19,27.58,,10-26,3066,佳讯飞鸿,0.39,21.88,,10.07,,10320.67,24.45,,03-16,3383,佳讯飞鸿,0.02,0.0,,0.37,,593.86,13.76,,04-18,1666,佳讯飞鸿,0.06,-64.81,,2.03,,3296.59,-22.58,,08-25,1828,佳讯飞鸿,0.1,-64.14,,3.48,,5834.38,-20.4,,10-27,2330,佳讯飞鸿,0.2,-48.72,,6.58,,11621.08,12.6,10派0.5,03-31,1287,佳讯飞鸿,0.02,5.5,,0.65,,1257.13,111.69,,04-27
339,600817,ST宏盛,多元金融,陕西,872.4,1.56,1.61,17078.65,5686.5,5.82,21228.23,1.32,0.003,0.6,14.93,19940128,-28443.47,-1.77,367.6,67.81,42.14,5.88,7623.0,631,ST宏盛,-0.0,-583.33,,-0.43,,-46.35,-569.49,,04-30,575,ST宏盛,0.0,-76.92,,0.09,,9.43,-77.06,,08-29,431,ST宏盛,-0.01,-450.0,,-0.24,,-113.16,-480.35,,10-31,995,ST宏盛,-0.08,-20.0,,-13.22,,-1341.8,-18.04,,04-27,2147,ST宏盛,-0.0,-96.55,,-0.14,,-1.29,-97.22,,04-27,578,ST宏盛,-0.0,-550.0,,-0.2,,-43.44,-560.63,,08-31,1045,ST宏盛,-0.01,-20.0,,-0.42,,-89.27,-21.11,,10-29,2328,ST宏盛,0.02,-125.0,,3.43,,331.03,-124.67,,03-31,2384,ST宏盛,0.0,-1600.0,,0.25,,24.73,-2021.16,,04-26,361,ST宏盛,-0.01,162.96,,-1.18,,-114.8,164.29,,08-31,2200,ST宏盛,-0.01,21.43,,-1.13,,-109.85,23.05,,10-27,512,ST宏盛,-0.01,-150.0,,-1.56,,-151.69,-145.82,,04-26,1819,ST宏盛,0.0,73.33,,0.43,,41.52,67.89,,04-26
627,603008,喜临门,家居用品,浙江,40.09,3.15,3.95,611648.31,334617.09,119708.75,143985.13,3.65,0.135,6.99,3.1,20120717,94366.96,2.39,83.57,23.63,31.48,6.01,12687.0,2669,喜临门,0.08,14.29,,2.01,,2444.49,10.65,,04-21,2623,喜临门,0.18,12.5,,4.78,,5622.72,11.78,,08-08,929,喜临门,0.36,33.33,,9.1,,11219.32,29.79,,10-30,2843,喜临门,0.61,103.33,,15.32,,19064.37,103.01,,03-25,2889,喜临门,0.09,12.5,,2.09,,2842.74,16.29,,04-22,877,喜临门,0.2,11.11,,4.55,,6240.31,10.98,,08-30,2013,喜临门,0.46,27.78,,10.06,,14575.69,29.92,,10-28,1211,喜临门,0.61,0.0,,12.39,,20376.45,6.88,,04-22,1154,喜临门,0.11,22.22,,1.77,,4316.56,51.85,,04-28,3375,喜临门,0.24,20.0,,3.77,,9482.56,51.96,,07-29,287,喜临门,0.52,13.04,,7.9,,20439.09,40.23,,10-31,1961,喜临门,0.74,21.31,,11.09,,28359.63,39.18,10派0.5,04-12,689,喜临门,0.14,27.27,,1.92,,5336.42,23.63,,04-28
643,600312,平高电气,电气设备,河南,0.0,13.57,13.57,1890307.63,1377443.38,300481.5,490188.25,3.61,-0.024,6.5,1.13,20010221,207602.81,1.53,-19.64,-131.19,14.46,-2.7,66071.0,2834,平高电气,0.02,-74.73,5.18,0.36,-0.22,2096.57,-72.07,,04-17,2538,平高电气,0.26,9.66,,4.88,,29377.15,14.23,,08-12,689,平高电气,0.45,19.74,,8.32,,50924.81,19.74,,10-31,3483,平高电气,0.73,10.91,,13.57,,82675.63,19.26,10派5,02-03,3295,平高电气,0.12,551.09,5.51,2.2,-0.27,13626.27,549.93,,04-08,3140,平高电气,0.46,77.5,,8.47,,52493.15,78.69,,08-05,3427,平高电气,0.77,71.34,,13.97,,87258.91,71.35,,10-15,2808,平高电气,0.93,27.96,,15.29,,121989.71,47.55,10派6,03-23,3371,平高电气,0.08,-33.22,6.73,1.13,-0.74,10251.86,-24.76,,04-19,3106,平高电气,0.26,-43.66,,3.86,,35021.08,-33.28,,08-11,1561,平高电气,0.34,-55.56,,5.2,,46258.78,-46.99,,10-28,1973,平高电气,0.46,-50.03,,7.11,,63051.75,-48.31,10派1.4,04-12,1870,平高电气,-0.02,-125.0,6.5,-0.36,-0.41,-3197.54,-131.19,,04-26
651,2793,东音股份,专用机械,浙江,39.67,0.64,2.0,89447.46,44965.37,20247.95,21034.36,1.05,0.101,3.77,4.24,20160415,29594.24,1.48,3.11,-18.23,28.09,10.29,18902.0,138,东音股份,0.24,,,6.12,,1809.42,,,04-14,40,东音股份,0.66,,,15.89,,4946.76,,,08-19,240,东音股份,0.83,,,,,6245.27,,,10-19,2725,东音股份,1.09,28.24,4.53,26.13,0.77,8178.74,27.87,,03-28,3268,东音股份,0.21,-12.5,4.73,4.47,0.07,1553.17,-14.16,,04-14,2466,东音股份,0.63,-4.37,,11.63,,5256.64,6.26,,08-19,3378,东音股份,0.85,1.48,,14.43,,7510.75,20.26,,10-19,2962,东音股份,1.09,0.0,,17.86,,10036.28,22.71,,03-20,2992,东音股份,0.25,19.05,,3.47,,2466.01,58.77,,04-24,3221,东音股份,0.32,-49.27,,9.14,,6496.88,23.59,,08-08,3190,东音股份,0.46,-45.56,,13.07,,9298.57,23.8,,10-21,3505,东音股份,0.58,-46.79,,16.17,,11585.17,15.43,10派1,01-30,2386,东音股份,0.1,-60.0,,2.66,,2016.47,-18.23,,04-25
652,603100,川仪股份,电器仪表,重庆,38.61,2.59,3.95,472943.56,353872.72,49427.3,70549.46,1.79,0.067,5.12,2.04,20140805,78688.96,1.99,13.75,12.5,32.42,3.95,25295.0,774,川仪股份,0.06,-25.0,,1.45,,2505.28,3.54,,04-29,709,川仪股份,0.19,-26.92,,4.16,,7339.47,-5.88,,08-28,432,川仪股份,0.29,-27.5,,6.38,,11475.45,-9.62,,10-31,2054,川仪股份,0.39,-17.02,,8.7,,15288.23,-4.11,10派1.2,04-09,1585,川仪股份,0.06,0.0,,1.32,,2405.98,-3.96,,04-28,978,川仪股份,0.16,-15.79,,3.51,,6380.69,-13.06,,08-27,1266,川仪股份,0.24,-17.24,,5.23,,9541.88,-16.85,,10-29,1655,川仪股份,0.33,-15.38,,7.02,,12900.45,-15.62,10派1,04-15,539,川仪股份,0.06,0.0,,1.25,,2368.87,-1.54,,04-29,1389,川仪股份,0.18,12.5,,3.7,,7087.73,11.08,,08-26,547,川仪股份,0.28,16.67,,5.77,,11076.55,16.08,,10-31,1763,川仪股份,0.4,21.21,,8.22,,15914.9,23.37,10派1.3,04-17,619,川仪股份,0.07,16.67,,1.33,,2664.95,12.5,,04-28
684,2788,鹭燕医药,医药商业,福建,30.36,0.69,1.28,557679.38,470433.56,46612.71,65027.1,5.07,0.253,11.74,2.61,20160218,66454.55,5.18,60.33,39.52,7.5,1.25,23877.0,111,鹭燕医药,0.22,,,3.23,,2093.39,,,04-25,71,鹭燕医药,0.56,,,8.07,,5397.63,,,07-26,264,鹭燕医药,0.8,,7.29,11.47,-3.55,7656.78,,,01-21,1245,鹭燕医药,1.18,3.51,,16.58,,11347.97,3.8,,04-25,2613,鹭燕医药,0.2,-9.09,,2.34,,2169.38,3.63,,04-25,3332,鹭燕医药,0.46,-17.86,,4.84,,5445.41,0.89,,07-26,3008,鹭燕医药,0.65,-18.75,,6.61,,7864.2,2.71,,10-25,1557,鹭燕医药,0.95,-19.49,,14.91,,11552.31,1.8,,04-18,3406,鹭燕医药,0.18,-10.0,,1.68,,2320.75,6.98,,04-18,3216,鹭燕医药,0.5,8.7,,4.53,,6345.6,16.53,,08-08,2972,鹭燕医药,0.75,15.38,,6.78,,9554.9,21.5,,10-24,1006,鹭燕医药,1.02,7.37,,8.61,,13057.89,13.03,10派2送5,04-24,2699,鹭燕医药,0.25,38.89,,2.16,,3237.92,39.52,,04-24
688,597,东北制药,化学制药,辽宁,30.13,4.73,5.7,1132743.63,630925.44,306209.91,177903.94,3.12,0.11,5.24,2.11,19960523,13207.12,0.23,36.39,380.21,40.51,2.64,34733.0,1571,东北制药,-0.07,-136.84,,-1.17,,-3097.21,-148.48,,04-28,398,东北制药,-0.18,-176.6,,-3.29,,-8612.6,-209.88,,08-29,996,东北制药,-0.47,-391.93,,-8.7,,-22219.91,-478.96,,10-30,2989,东北制药,-0.81,-468.18,,-15.53,,-38435.78,-541.41,,03-22,2102,东北制药,-0.01,-85.71,,-0.19,,-417.95,-86.51,,04-27,874,东北制药,0.01,-105.56,,0.14,,314.53,-103.65,,08-30,2280,东北制药,0.01,-102.13,,0.27,,607.81,-102.74,,10-27,2050,东北制药,0.05,-106.17,,1.03,,2378.81,-106.19,,04-06,1844,东北制药,0.02,-300.0,,0.47,,1087.54,-360.21,,04-27,748,东北制药,0.08,700.0,,1.68,,3969.47,1162.03,,08-29,858,东北制药,0.17,1600.0,,3.39,,7986.09,1213.92,,10-30,14,东北制药,0.25,400.0,,5.01,,11899.53,400.23,,04-28,66,东北制药,0.11,450.0,,2.12,,5222.48,380.21,,04-28
690,30,富奥股份,汽车配件,吉林,10.44,12.52,12.93,1074797.38,540712.81,188415.97,53071.86,0.41,0.177,4.63,1.6,19930929,363350.75,2.81,1.0,3.69,14.82,13.21,33000.0,1032,富奥股份,0.12,0.0,,3.7,,16215.99,6.0,,04-29,1329,富奥股份,0.22,-12.0,,6.48,,28867.04,-12.16,,08-26,1268,富奥股份,0.28,-24.32,,8.16,,36284.67,-23.83,,10-29,1570,富奥股份,0.39,-18.75,,11.19,,50322.14,-19.66,10派1.5,04-21,3042,富奥股份,0.12,0.0,,3.29,,15671.3,-3.36,,04-21,928,富奥股份,0.29,31.82,,7.58,,36917.76,27.89,,08-29,571,富奥股份,0.4,42.86,,10.63,,51912.55,43.07,,10-31,460,富奥股份,0.52,33.33,,13.73,,67671.17,34.48,10派2,04-28,1130,富奥股份,0.17,41.67,,4.18,,22106.49,41.06,,04-28,972,富奥股份,0.35,20.69,,8.39,,45343.98,22.82,,08-29,1963,富奥股份,0.5,25.0,,11.91,,64455.78,24.16,,10-27,518,富奥股份,0.64,23.08,,15.22,,83154.76,22.88,10派2送4,04-26,1829,富奥股份,0.18,5.88,,3.91,,22921.56,3.69,,04-26
744,300246,宝莱特,医疗保健,广东,38.42,1.08,1.46,85807.78,48915.55,9431.8,8212.57,0.56,0.129,3.59,5.52,20110719,26854.03,1.84,17.74,10.07,37.35,10.17,18702.0,2548,宝莱特,0.05,-9.07,2.86,1.59,-0.07,659.09,-8.98,,04-22,2009,宝莱特,0.06,-46.29,2.82,2.01,-0.03,825.88,-46.26,,08-20,2571,宝莱特,0.18,15.24,2.95,6.18,-0.13,2596.05,15.27,,10-24,1577,宝莱特,0.16,-30.86,,5.71,,2391.9,-29.24,,04-20,3126,宝莱特,0.1,113.97,,3.24,,1409.91,113.92,,04-20,3287,宝莱特,0.2,256.46,3.09,6.69,-0.01,2942.16,256.25,,07-29,2480,宝莱特,0.35,96.96,,11.15,,5112.48,96.93,,10-26,1347,宝莱特,0.46,187.5,,14.66,,6714.35,180.71,,04-21,2112,宝莱特,0.12,21.35,,3.62,,1710.74,21.34,,04-27,1745,宝莱特,0.26,30.14,,7.98,,3829.21,30.15,,08-25,3013,宝莱特,0.38,9.63,,11.47,,5605.56,9.64,,10-24,1073,宝莱特,0.39,-14.37,,11.75,,5754.73,-14.29,10派0.5,04-24,1292,宝莱特,0.13,10.08,,3.66,,1883.05,10.07,,04-27
780,300446,乐凯新材,化工原料,河北,23.3,1.18,1.23,64386.05,49306.37,9505.46,3560.34,0.29,0.249,4.85,4.78,20150423,38348.21,3.12,0.27,0.15,60.21,43.64,16676.0,2560,乐凯新材,0.6,39.53,5.29,11.19,0.62,2774.38,40.49,,04-22,2299,乐凯新材,0.87,16.0,6.06,15.45,0.73,4463.57,28.72,,08-18,2411,乐凯新材,1.37,5.38,6.55,23.08,1.12,7482.93,24.82,,10-26,1158,乐凯新材,1.75,4.79,,28.49,,9871.9,28.38,10派6转10,04-26,2526,乐凯新材,0.48,-19.5,,6.58,,2963.17,6.8,,04-26,3136,乐凯新材,0.43,-51.06,3.6,11.72,0.46,5229.18,17.15,,08-05,3441,乐凯新材,0.62,-54.49,,17.09,,7656.6,2.32,,10-12,3400,乐凯新材,0.88,-49.75,,23.54,,10797.76,9.38,10派3,02-27,3455,乐凯新材,0.25,-48.57,,5.95,,3049.8,2.92,,04-17,1712,乐凯新材,0.37,-12.82,,8.87,,4558.29,-12.83,,08-25,3416,乐凯新材,0.56,-10.62,,13.28,,6843.89,-10.61,,10-18,3172,乐凯新材,0.85,-3.33,,19.77,,10437.88,-3.33,10派4,03-20,3404,乐凯新材,0.25,0.12,,5.27,,3054.47,0.15,,04-17
781,300500,启迪设计,建筑施工,江苏,86.27,0.43,1.34,182760.98,95464.75,20929.75,77447.0,5.77,0.1,8.73,3.65,20160204,26598.13,1.98,65.33,28.35,32.79,8.32,19153.0,85,启迪设计,0.18,,,2.58,,829.21,,,04-27,81,启迪设计,0.6,,7.32,8.45,-0.4,2697.96,,,01-21,201,启迪设计,0.6,,,,,2720.11,,,10-26,1842,启迪设计,1.14,-9.52,,15.25,,5110.61,-9.63,,04-15,2110,启迪设计,0.14,-22.22,,2.45,,866.61,4.51,,04-27,1778,启迪设计,0.57,-5.0,10.77,5.73,0.1,3142.8,16.49,,08-25,2705,启迪设计,0.66,10.0,,6.26,,3767.52,38.51,,10-26,1188,启迪设计,1.07,-6.14,,10.28,,6218.68,21.68,,04-22,3119,启迪设计,0.16,14.29,,1.39,,964.96,11.35,,04-22,3280,启迪设计,0.27,-52.63,,4.59,,3231.8,2.83,,08-04,2365,启迪设计,0.35,-46.97,,6.05,,4258.23,13.02,,10-26,1846,启迪设计,0.58,-45.79,,9.85,,7041.63,13.23,10派1.2,04-14,1799,启迪设计,0.1,-37.5,,1.37,,1238.53,28.35,,04-26
813,620,新华联,全国地产,北京,75.79,18.97,18.97,5098990.0,3532728.0,406444.19,205067.75,1.08,0.021,3.42,1.83,19961029,365256.03,1.93,21.88,-42.29,25.62,3.74,44424.0,310,新华联,0.01,0.0,,0.39,,1387.8,-8.52,,04-30,837,新华联,0.04,-66.67,,1.61,,7363.02,-61.94,,08-28,1165,新华联,0.07,-50.0,,2.63,,13061.38,-42.08,,10-30,1730,新华联,0.17,-34.62,,5.89,,30674.58,-27.22,10派1,04-19,1747,新华联,0.04,300.0,,1.13,,6700.3,382.8,,04-28,759,新华联,0.06,50.0,,1.78,,10574.59,43.62,,08-30,1035,新华联,0.08,14.29,,2.68,,15836.37,21.25,,10-29,709,新华联,0.28,64.71,,8.69,,52389.37,70.79,10派1,04-27,1995,新华联,0.04,0.0,,1.1,,6835.63,2.02,,04-27,1211,新华联,0.1,66.67,,2.98,,18613.86,76.02,,08-28,2990,新华联,0.13,62.5,,3.89,,24439.09,54.32,,10-24,826,新华联,0.45,60.71,,13.27,,85724.62,63.63,10派1,04-25,2576,新华联,0.02,-50.0,,0.59,,3904.13,-42.89,,04-25
829,2289,宇顺电子,元器件,深圳,0.0,2.6,2.8,73326.97,28262.93,36181.78,170527.73,6.08,-0.043,1.64,4.82,20090903,-154250.77,-5.5,-28.16,46.89,16.04,-16.36,20417.0,1245,宇顺电子,-0.2,673.85,,-2.28,,-3758.3,795.73,,04-28,1530,宇顺电子,-0.14,-212.15,,-1.57,,-2603.6,-229.74,,08-25,1157,宇顺电子,0.01,-85.4,,0.13,,223.02,-83.07,,10-30,769,宇顺电子,-5.88,197.81,,-98.18,,-109807.01,235.73,,04-29,951,宇顺电子,-0.24,18.34,,-8.12,,-4447.93,18.35,,04-29,3029,宇顺电子,-0.85,507.25,,-32.17,,-15815.1,507.43,,08-10,1318,宇顺电子,-1.16,-9873.95,,-47.09,,-21730.47,-9843.77,,10-29,1412,宇顺电子,0.16,-102.72,,5.1,,2985.5,-102.72,10转5,04-20,1947,宇顺电子,-0.12,-48.68,,-3.89,,-2282.43,-48.69,,04-27,1675,宇顺电子,-0.19,-77.16,,-6.22,,-3611.0,-77.17,,08-25,1067,宇顺电子,-0.26,-78.01,,-12.74,,-7168.03,-67.01,,10-28,2407,宇顺电子,-0.45,-384.61,,-23.83,,-12745.41,-526.91,,03-31,1083,宇顺电子,-0.04,-64.57,,-2.61,,-1212.23,-46.89,,04-27
831,2767,先锋电子,电器仪表,浙江,110.79,0.38,1.5,80404.47,73243.1,1355.25,28725.41,1.92,0.046,4.68,4.38,20150612,21063.15,1.4,4.05,-6.52,34.15,10.74,16740.0,134,先锋电子,0.14,,,3.8,,1069.24,,,04-20,2923,先锋电子,0.22,-43.13,,8.12,,2204.94,-24.18,,07-29,2474,先锋电子,0.48,-27.11,,10.03,,4007.88,-19.01,,10-26,1593,先锋电子,0.6,-32.58,,11.81,,5263.94,-20.99,,04-20,3125,先锋电子,0.11,-21.43,,1.73,,1075.64,0.6,,04-20,2202,先锋电子,0.13,-41.86,,3.09,,1923.37,-12.77,,08-23,1651,先锋电子,0.22,-54.79,,5.2,,3260.69,-18.64,,10-28,995,先锋电子,0.3,-50.0,,7.08,,4531.43,-13.92,,04-25,2664,先锋电子,0.05,-54.55,,1.09,,741.53,-31.06,,04-25,3402,先锋电子,0.11,-14.66,,2.44,,1640.44,-14.71,,07-28,3109,先锋电子,0.19,-11.36,,4.28,,2890.84,-11.34,,10-24,1818,先锋电子,0.31,3.33,,6.73,,4590.23,1.3,10派0.56,04-16,3446,先锋电子,0.05,-7.6,,0.99,,693.21,-6.52,,04-16
833,300206,理邦仪器,医疗保健,深圳,43.63,3.44,5.85,143739.52,77858.46,45152.71,41043.0,0.7,0.044,2.1,3.63,20110421,19597.57,0.34,17.05,0.36,54.81,10.96,19138.0,2296,理邦仪器,-0.08,-260.0,5.88,-1.33,-0.14,-1536.12,-347.51,,04-24,1516,理邦仪器,0.03,-62.5,4.91,0.53,-0.05,609.56,-61.78,,08-25,2245,理邦仪器,0.07,16.67,4.95,1.32,-0.07,1536.94,36.02,,10-27,1079,理邦仪器,0.44,540.2,,8.59,,10320.92,668.34,,04-26,2011,理邦仪器,0.03,-137.5,,0.51,,603.13,-139.26,,04-27,2129,理邦仪器,0.04,28.67,1.98,1.9,-0.03,2257.35,270.32,,08-23,867,理邦仪器,0.02,-72.86,,0.95,,1111.18,-27.7,,10-29,1303,理邦仪器,0.05,-89.8,,2.25,,2635.28,-74.47,,04-21,1903,理邦仪器,0.04,45.33,,2.1,,2548.42,322.53,,04-27,2188,理邦仪器,0.08,116.32,,3.99,,4883.82,116.35,,08-22,2132,理邦仪器,0.12,506.32,,5.49,,6738.24,506.4,,10-27,1008,理邦仪器,0.07,66.22,,3.61,,4376.7,66.08,10派0.85,04-24,1355,理邦仪器,0.04,0.23,,2.05,,2557.73,0.37,,04-27
845,550,江铃汽车,汽车整车,江西,19.26,5.18,8.63,2273195.25,1462893.25,589985.0,83944.25,0.97,0.17800000000000002,12.43,1.1,19931201,859841.38,9.96,-20.53,-32.81,13.54,2.37,36414.0,1332,江铃汽车,0.67,-2.9,,5.27,,57404.99,-4.11,,04-28,885,江铃汽车,1.25,-7.41,,9.71,,108153.23,-7.11,,08-28,2044,江铃汽车,1.78,0.56,,13.78,,154039.85,0.62,,10-27,3044,江铃汽车,2.57,5.33,,19.56,,222206.11,5.42,10派10.3,03-19,1171,江铃汽车,0.48,-28.36,,3.39,,41356.41,-27.96,,04-29,1192,江铃汽车,0.82,-34.4,,5.71,,70451.67,-34.86,,08-27,2116,江铃汽车,1.27,-28.65,,9.78,,109355.34,-29.01,,10-27,2686,江铃汽车,1.53,-40.47,,10.74,,131801.61,-40.68,10派6.1,03-25,2089,江铃汽车,0.26,-45.83,,1.83,,22860.77,-44.72,,04-27,134,江铃汽车,0.64,-21.95,,4.36,,55290.31,-21.52,10派23.17,08-31,2475,江铃汽车,0.75,-40.94,,5.1,,64353.09,-41.15,,10-26,2979,江铃汽车,0.8,-47.71,,5.51,,69093.82,-47.58,10派3.2,03-24,2157,江铃汽车,0.18,-30.77,,1.21,,15360.62,-32.81,,04-26
857,783,长江证券,证券,湖北,29.56,55.29,55.29,11790260.0,0.0,30001.95,1047349.5,1.89,0.058,5.02,1.37,19970731,542409.0,0.98,14.14,-25.46,0.0,23.45,208350.0,1816,长江证券,0.16,23.08,,5.39,-0.09,77244.47,147.59,,04-25,2010,长江证券,0.52,271.43,3.35,16.29,4.32,244850.67,269.83,,08-20,412,长江证券,0.67,157.69,,20.93,3.46,318165.55,159.38,,10-31,2757,长江证券,0.74,105.56,3.55,23.0,0.28,349336.52,104.84,10派3.5,03-26,713,长江证券,0.11,-31.25,,2.96,,50234.96,-34.97,,04-30,3001,长江证券,0.24,-53.85,3.38,6.71,0.48,111488.93,-54.47,,08-10,1468,长江证券,0.35,-47.76,,9.47,,174409.07,-45.18,,10-28,2852,长江证券,0.44,-40.54,,10.97,,220657.6,-36.84,10派1.5,03-22,3015,长江证券,0.08,-27.27,,1.68,,43224.84,-13.95,,04-22,3069,长江证券,0.18,-25.0,,3.86,,99501.54,-10.75,,08-12,2002,长江证券,0.27,-22.86,,5.73,,148594.02,-14.8,,10-27,464,长江证券,0.28,-36.36,,5.96,,154511.24,-29.98,10派1.5,04-26,95,长江证券,0.06,-25.0,,1.21,,32218.52,-25.46,,04-28
865,2032,苏 泊 尔,家用电器,浙江,23.17,5.44,8.21,909423.38,755731.94,84693.93,10456.67,0.13,0.551,6.81,7.49,20040817,433329.59,5.28,21.24,21.92,31.07,9.26,10459.0,2442,苏泊尔,0.36,21.74,,5.91,,23062.23,21.71,,04-23,813,苏泊尔,0.62,19.35,,10.03,,39508.14,19.2,,08-28,2502,苏泊尔,1.01,25.59,,15.97,,63700.83,25.33,,10-24,2862,苏泊尔,1.42,30.15,,21.9,,88900.48,28.86,10派5.6,03-25,2742,苏泊尔,0.44,20.33,,6.04,,27520.81,19.33,,04-23,445,苏泊尔,0.75,20.06,,10.37,,47053.62,19.1,,08-31,3255,苏泊尔,1.18,17.3,,16.15,,74214.01,16.5,,10-21,2416,苏泊尔,1.71,20.9,,22.79,,107751.92,21.21,10派7.7送3,03-30,3098,苏泊尔,0.58,32.65,,7.76,,36647.88,33.16,,04-22,209,苏泊尔,0.73,-2.67,,12.76,,59697.32,26.87,,08-31,3391,苏泊尔,1.09,-7.37,,19.0,,89636.77,20.78,,10-19,2392,苏泊尔,1.6,-6.48,,26.87,,130760.66,21.35,10派7.2,03-31,2708,苏泊尔,0.55,-4.82,,8.03,,45244.32,23.46,,04-24
961,600496,精工钢构,钢加工,安徽,52.03,15.1,15.1,1116602.63,796050.13,76689.81,33248.25,0.22,0.017,2.64,1.32,20020605,172135.97,1.14,56.19,16.81,10.66,1.19,137305.0,237,精工钢构,0.07,-11.08,,1.36,,4627.5,4.04,,04-30,2025,精工钢构,0.09,-57.5,,3.75,,12832.49,11.39,,08-20,2674,精工钢构,0.16,-55.47,,6.96,,24208.54,13.83,,10-23,1761,精工钢构,0.13,-71.18,,5.55,,19159.06,-28.11,10派0.2,04-16,1419,精工钢构,0.02,-66.91,,0.95,,3363.76,-27.31,,04-28,976,精工钢构,0.06,-26.24,,2.65,,9467.6,-26.22,,08-27,2155,精工钢构,0.09,-43.73,,3.79,,13620.2,-43.74,,10-27,1568,精工钢构,0.07,-42.82,,3.0,,10957.31,-42.81,10派0.1,04-18,328,精工钢构,0.01,-35.43,,0.57,,2168.53,-35.53,,04-29,726,精工钢构,0.04,-41.31,,1.47,,5552.87,-41.35,,08-29,146,精工钢构,0.04,-53.99,,1.66,,6275.0,-53.93,,10-31,46,精工钢构,0.04,-43.31,,1.6,,6202.21,-43.4,,04-28,198,精工钢构,0.02,16.67,,0.64,,2533.14,16.81,,04-28
1009,601888,中国国旅,旅游服务,北京,26.21,19.52,19.52,2294137.5,1909286.38,139690.8,384220.03,1.97,0.594,7.73,8.06,20091015,890653.0,4.56,53.07,61.48,39.47,13.11,31034.0,338,中国国旅,0.66,21.3,11.0,6.2,,64599.54,21.3,,04-30,333,中国国旅,1.04,19.52,,9.59,,101638.74,19.47,,08-29,1516,中国国旅,1.35,10.59,11.23,12.43,,131861.33,10.58,,10-29,1290,中国国旅,1.54,2.42,,14.15,,150589.49,2.42,,04-23,2804,中国国旅,0.71,7.86,,6.04,,69676.36,7.86,,04-23,556,中国国旅,1.13,8.9,,9.43,,110678.86,8.89,,08-31,896,中国国旅,1.5,10.78,12.46,12.42,,146069.7,10.78,,10-29,387,中国国旅,1.85,20.08,,15.26,,180819.05,20.07,,04-29,384,中国国旅,0.74,3.08,13.61,5.55,,71824.88,3.08,,04-29,402,中国国旅,0.67,-41.26,,9.95,,130019.67,17.47,,08-30,1748,中国国旅,0.98,-34.69,6.89,14.47,,190796.7,30.62,,10-27,114,中国国旅,1.3,-30.02,,19.12,,253076.28,39.96,10派5.2,04-28,295,中国国旅,0.59,-19.26,7.73,7.97,,115982.79,61.48,,04-28
1041,2783,凯龙股份,化工原料,湖北,95.44,1.07,2.09,295035.13,119982.8,76363.59,40428.28,1.94,0.049,6.74,2.78,20151209,60748.63,2.91,34.15,-45.09,28.01,3.29,20427.0,76,凯龙股份,0.17,,,1.55,,1080.62,,,04-27,207,凯龙股份,0.76,,11.07,6.74,0.49,4774.23,,,11-23,238,凯龙股份,1.1,,,,,6860.43,,,10-20,1663,凯龙股份,1.56,-8.77,,13.66,,9759.38,-8.92,10派5,04-19,2113,凯龙股份,0.19,11.76,,1.25,,1600.83,48.14,,04-27,1668,凯龙股份,0.67,-11.84,,4.35,,5614.75,17.61,,08-26,3323,凯龙股份,1.01,-8.18,,6.56,,8446.73,23.12,,10-20,1791,凯龙股份,1.3,-16.67,,8.33,,10877.98,11.46,,04-12,3460,凯龙股份,0.22,15.79,,1.38,,1863.58,16.41,,04-15,2261,凯龙股份,0.34,-49.25,,5.33,,7148.58,27.32,,08-22,3258,凯龙股份,0.46,-54.46,,7.11,,9610.83,13.78,,10-21,3259,凯龙股份,0.55,-57.69,,8.44,,11501.32,5.73,10派2转6,03-16,2789,凯龙股份,0.05,-77.27,,0.73,,1023.32,-45.09,,04-24
1045,300395,菲利华,玻璃,湖北,58.09,2.66,2.99,120957.22,68371.25,35031.15,15018.62,0.5,0.07,3.11,5.25,20140910,45910.6,1.53,41.94,38.4,43.6,15.93,10558.0,2701,菲利华,0.19,-28.51,10.23,1.85,0.28,1208.88,-4.56,,04-21,2941,菲利华,0.29,-55.37,5.19,5.65,0.12,3725.42,19.15,,07-28,2905,菲利华,0.5,-45.53,5.32,9.57,0.21,6414.71,45.4,,10-22,1676,菲利华,0.65,-50.92,,12.38,,8417.8,20.89,,04-19,2300,菲利华,0.07,-60.45,,1.32,,956.56,-20.87,,04-26,3304,菲利华,0.23,-21.92,3.72,5.93,0.26,4363.39,17.12,,07-28,2625,菲利华,0.38,-23.18,,10.01,,7432.35,15.86,,10-26,2912,菲利华,0.55,-15.17,,14.23,,10803.11,28.34,,03-21,3270,菲利华,0.08,5.41,,1.85,,1520.4,58.94,,04-20,3193,菲利华,0.18,-19.37,,6.43,,5309.68,21.69,,08-09,2850,菲利华,0.27,-30.44,,9.4,,7794.31,4.87,,10-25,1786,菲利华,0.41,-25.26,,14.27,,12177.61,12.72,10派1.5,04-17,2235,菲利华,0.07,-8.21,,2.29,,2104.21,38.4,,04-26
1049,2657,中科金财,软件服务,北京,57.95,2.76,3.38,392355.13,278247.69,2593.17,177320.19,5.25,0.087,7.54,2.68,20120228,37299.85,1.1,7.03,-15.19,36.19,13.07,65172.0,909,中科金财,0.06,50.0,,1.26,,1904.0,361.33,,04-29,2758,中科金财,0.26,-7.14,,5.46,,8396.76,183.73,,08-05,2050,中科金财,0.34,6.25,,6.96,,10775.58,165.34,,10-27,1954,中科金财,0.51,-16.39,,10.19,,16033.44,106.34,,04-13,3092,中科金财,0.07,16.67,,1.07,,2473.82,29.93,,04-20,1923,中科金财,0.27,3.85,,3.65,,9096.38,8.33,,08-24,1396,中科金财,0.36,5.88,,4.73,,12090.38,12.2,,10-28,1430,中科金财,0.53,3.92,,6.82,,17793.39,10.98,,04-20,3322,中科金财,0.1,42.86,,1.25,,3477.42,40.57,,04-20,3164,中科金财,0.27,0.0,,3.29,,9271.53,1.93,,08-10,1863,中科金财,0.36,0.0,,4.31,,12183.43,0.77,,10-27,1671,中科金财,-0.7,-232.08,,-8.95,,-23666.12,-233.01,,04-18,1629,中科金财,0.09,-10.0,,1.16,,2949.06,-15.19,,04-27
1055,300138,晨光生物,食品,河北,23.39,2.66,3.67,289966.66,204120.3,59612.95,80883.71,2.2,0.128,4.54,2.65,20101105,47853.85,1.3,5.81,35.64,17.6,7.37,9666.0,2166,晨光生物,0.03,29.25,5.64,0.49,-0.0,492.65,29.47,,04-24,1877,晨光生物,0.23,526.52,5.81,3.97,0.29,4072.47,525.73,,08-22,2741,晨光生物,0.27,285.55,5.86,4.79,0.8,4936.51,285.56,,10-23,2587,晨光生物,0.38,207.78,,6.62,,6886.25,207.68,,03-29,2494,晨光生物,0.07,169.71,,1.12,,1600.25,224.82,,04-26,2027,晨光生物,0.2,-13.54,5.64,3.53,1.04,5102.89,25.3,,08-23,2779,晨光生物,0.31,10.95,,5.43,,7944.35,60.93,,10-25,1569,晨光生物,0.36,-7.22,,6.41,,9247.4,34.29,,04-18,2135,晨光生物,0.13,79.16,,2.3,,3469.14,116.79,,04-26,2929,晨光生物,0.22,12.19,,5.06,,7851.59,53.87,,08-15,2485,晨光生物,0.32,3.93,,7.47,,11587.87,45.86,,10-26,2840,晨光生物,0.39,10.06,,9.13,,14282.98,54.45,,03-27,2898,晨光生物,0.13,-3.17,,2.85,,4705.63,35.64,,04-24
1079,686,东北证券,证券,吉林,34.43,23.4,23.4,6206723.0,0.0,68403.11,574978.75,2.46,0.057,6.66,1.17,19970227,519015.91,2.22,-11.27,-31.26,0.0,14.06,116789.0,2328,东北证券,0.28,207.69,,6.06,,54868.25,207.91,,04-24,978,东北证券,0.93,447.06,,19.02,,182937.69,451.49,,08-27,1460,东北证券,1.14,267.74,,22.99,,223248.7,270.65,,10-29,958,东北证券,1.34,148.15,,26.21,-2.0,263005.89,148.11,10派2,04-27,2108,东北证券,0.2,-28.57,,3.48,,40035.99,-27.03,,04-27,2586,东北证券,0.27,-70.97,,4.62,,58810.99,-67.85,,08-18,2855,东北证券,0.52,-54.39,,8.45,,115940.48,-48.07,,10-25,332,东北证券,0.58,-56.72,,9.36,,131494.12,-50.0,10派1,04-29,637,东北证券,0.08,-60.0,,1.23,,19335.74,-51.7,,04-29,1304,东北证券,0.13,-51.85,,1.99,,31094.66,-47.13,,08-26,2123,东北证券,0.27,-48.08,,4.07,,64090.06,-44.72,,10-27,2482,东北证券,0.28,-51.72,,4.26,,66694.66,-49.28,10派1,03-30,2429,东北证券,0.06,-25.0,,0.85,,13290.55,-31.26,,04-25
1083,600769,祥龙电业,建筑施工,湖北,510.18,3.75,3.75,13376.32,4600.1,913.45,36712.4,0.98,0.003,0.13,42.77,19961101,-73490.63,-1.96,-59.4,-1.59,3.8,10.33,19636.0,263,祥龙电业,0.0,275.0,,4.53,,167.93,272.14,,04-30,2917,祥龙电业,0.02,1046.67,,16.34,,644.38,1070.77,,07-29,1962,祥龙电业,0.02,775.0,,16.63,,656.7,766.54,,10-27,3494,祥龙电业,0.02,566.67,,16.04,,631.21,384.48,,02-02,1078,祥龙电业,0.0,-6.67,,3.62,,156.92,-6.56,,04-29,3331,祥龙电业,0.01,-58.14,,6.13,,268.74,-58.29,,07-27,1404,祥龙电业,0.01,-66.86,,4.98,,217.14,-66.93,,10-28,3031,祥龙电业,0.01,-75.0,,4.13,,179.19,-71.61,,03-17,1605,祥龙电业,0.0,-33.33,,2.34,,105.12,-33.01,,04-27,3404,祥龙电业,0.01,-2.78,,5.77,,263.21,-2.06,,07-28,1656,祥龙电业,0.01,108.62,,9.74,,453.86,109.01,,10-27,2518,祥龙电业,0.01,180.0,,11.05,,511.71,185.56,,03-30,1521,祥龙电业,0.0,7.14,,2.12,,103.46,-1.58,,04-27
1091,600055,万东医疗,医疗保健,北京,567.51,4.85,5.41,223667.22,129456.32,16508.78,82234.3,1.52,0.006999999999999999,3.42,4.39,19970519,37531.37,0.69,11.28,52.55,43.79,2.66,24000.0,1763,万东医疗,-0.09,35.29,,-3.01,,-1981.73,35.15,,04-25,1795,万东医疗,0.09,86.0,,3.01,,2011.95,84.42,,08-22,2577,万东医疗,0.12,80.0,,3.74,,2532.25,81.19,,10-24,1781,万东医疗,0.19,56.3,,5.9,,4029.81,56.85,10派0.5转6,04-16,1158,万东医疗,-0.04,-58.7,,-0.7,,-891.27,-55.03,,04-29,2321,万东医疗,0.08,-9.68,,2.19,,3226.98,60.39,,08-20,3131,万东医疗,0.12,0.0,,2.9,,4491.35,77.37,,10-22,1960,万东医疗,0.19,-0.54,,4.49,,7154.38,77.54,10派1.5转4,04-08,597,万东医疗,0.01,-115.79,,0.13,,234.41,-126.3,,04-29,1378,万东医疗,0.06,-33.33,,1.68,,3029.17,-6.13,,08-26,1165,万东医疗,0.12,0.0,,3.5,,6312.88,40.56,,10-28,103,万东医疗,0.2,9.19,,6.0,,10911.71,52.52,10派0.5,04-28,247,万东医疗,0.01,16.67,,0.19,,357.62,52.56,,04-28
1099,300305,裕兴股份,塑料,江苏,33.97,1.95,2.9,157737.63,120446.07,25376.5,58326.17,2.01,0.053,5.02,1.43,20120329,44646.03,1.54,25.78,28.22,15.39,9.98,11942.0,2917,裕兴股份,0.11,29.74,8.79,1.31,0.23,1645.4,29.73,,04-08,2306,裕兴股份,0.3,25.19,8.92,3.41,0.45,4342.2,25.52,,08-18,2378,裕兴股份,0.45,23.34,9.12,5.08,0.24,6544.38,23.93,,10-27,1003,裕兴股份,0.57,22.43,,6.4,,8204.37,22.64,,04-26,2537,裕兴股份,0.11,-0.87,,1.21,,1632.0,-0.81,,04-26,3002,裕兴股份,0.12,-59.06,4.69,2.63,0.28,3569.15,-17.8,,08-10,1430,裕兴股份,0.17,-61.55,,3.72,,5036.38,-23.04,,10-28,3265,裕兴股份,0.25,-56.05,,5.31,,7224.31,-11.95,,03-08,3344,裕兴股份,0.04,-63.46,,0.85,,1195.74,-26.73,,04-20,2279,裕兴股份,0.12,-0.73,,2.5,,3537.05,-0.9,,08-22,1774,裕兴股份,0.18,3.57,,3.67,,5201.88,3.29,,10-27,2326,裕兴股份,0.24,-4.24,,4.84,,6895.82,-4.55,,03-31,1512,裕兴股份,0.05,28.74,,1.06,,1533.21,28.22,,04-27
1105,667,美好置业,全国地产,云南,0.0,25.4,25.6,1994767.25,1779864.75,30839.94,153995.63,0.6,-0.053,2.71,0.98,19961205,258653.05,1.01,-61.63,-268.49,10.8,-71.61,206800.0,2622,美好置业,0.0,-52.0,,0.22,,1222.21,-4.99,,04-21,3049,美好置业,0.01,-28.5,,0.67,,3649.41,-8.54,,07-11,2897,美好置业,0.06,530.0,,2.91,,16117.67,473.2,,10-22,3515,美好置业,0.17,469.05,,7.56,,42818.11,468.5,10派0.25,01-16,3237,美好置业,0.04,741.67,,1.74,,10345.9,746.49,,04-16,3373,美好置业,0.11,646.15,,4.54,,27323.28,648.7,,07-20,2589,美好置业,0.12,93.33,,5.17,,31183.04,93.47,,10-26,3462,美好置业,0.26,55.29,,10.79,,66485.62,55.27,10派0.25,02-18,3267,美好置业,0.03,-18.81,,1.29,,8388.71,-18.92,,04-20,3145,美好置业,0.12,9.84,,4.54,,30001.79,9.8,,08-10,3407,美好置业,0.15,19.62,,5.62,,37287.22,19.58,,10-18,1233,美好置业,0.26,-0.08,,9.7,,66438.24,-0.07,10派0.25,04-21,2325,美好置业,-0.05,-261.89,,-2.01,,-13588.21,-261.98,,04-26
1109,603718,海利生物,生物制药,上海,109.34,6.44,6.44,162980.06,84115.99,37207.1,14694.34,0.23,0.032,1.69,8.27,20150515,23043.24,0.36,-15.52,-17.35,63.3,33.37,18942.0,211,海利生物,0.14,-6.67,2.09,,0.18,2900.9,-8.32,,05-14,2720,海利生物,0.24,-4.0,,10.43,,5271.6,-0.31,,08-06,2689,海利生物,0.31,-20.51,,14.98,,7385.31,-10.69,,10-23,3123,海利生物,0.38,-20.83,,12.8,,9540.26,-5.75,,03-16,2495,海利生物,0.1,-28.57,,3.0,,2818.62,-2.84,,04-26,3372,海利生物,0.15,-37.5,,5.38,,5105.19,-3.16,,07-21,2149,海利生物,0.11,-64.52,,7.63,,7129.87,-3.46,,10-27,1384,海利生物,0.13,-65.79,,9.0,,8553.63,-10.34,,04-20,628,海利生物,0.04,-60.0,,2.51,,2493.99,-11.52,,04-29,1377,海利生物,0.08,-46.67,,5.34,,5383.47,5.45,,08-26,1377,海利生物,0.13,18.18,,8.24,,8384.97,17.6,,10-28,612,海利生物,0.18,38.46,,10.96,,11373.95,32.97,,04-26,2236,海利生物,0.03,-25.0,,1.91,,2061.42,-17.34,,04-26
1111,600533,栖霞建设,区域地产,江苏,0.0,10.5,10.5,1577811.88,1321331.0,2928.81,105008.27,1.0,-0.012,3.57,1.18,20020328,93760.88,0.89,-67.66,27.02,30.49,-7.28,58817.0,1838,栖霞建设,0.01,-57.43,,0.18,,661.06,-57.5,,04-25,1844,栖霞建设,0.07,176.52,,2.03,,7660.44,176.54,,08-22,1817,栖霞建设,0.15,98.78,,4.26,,15378.69,98.66,,10-28,2792,栖霞建设,0.18,1338.21,,4.9,,18572.81,1338.13,10派0.5,03-26,497,栖霞建设,0.01,46.03,,0.24,,965.22,46.01,,04-30,1219,栖霞建设,0.02,-69.04,,0.59,,2370.87,-69.05,,08-27,1269,栖霞建设,0.04,-69.69,,1.17,,4664.89,-69.67,,10-29,1180,栖霞建设,0.19,5.2,,4.97,,19538.74,5.2,10派0.6,04-22,3110,栖霞建设,-0.02,-277.17,,-0.43,,-1707.52,-276.9,,04-22,1564,栖霞建设,0.06,185.4,,1.7,,6773.88,185.71,,08-25,3244,栖霞建设,0.07,61.26,,1.91,,7522.1,61.25,,10-21,1311,栖霞建设,0.05,-72.27,,1.4,,5416.95,-72.28,10派0.5,04-21,3132,栖霞建设,-0.01,-26.99,,-0.37,,-1246.17,-27.02,,04-21
1115,622,恒立实业,汽车配件,湖南,0.0,4.25,4.25,38169.5,36134.3,1963.25,19628.25,0.46,-0.006,0.44,9.91,19961107,-43776.62,-1.03,60.93,13.49,27.0,-19.14,18815.0,230,恒立实业,-0.02,50.0,,-3.23,,-637.41,44.11,,04-30,2838,恒立实业,-0.04,56.52,,-7.92,,-1526.22,57.0,,07-31,713,恒立实业,-0.05,42.11,,-12.04,,-2275.09,39.01,,10-31,843,恒立实业,-0.11,22.22,,-26.45,,-4681.57,28.08,,04-28,1125,恒立实业,-0.01,-40.0,,-2.55,,-386.21,-39.41,,04-29,455,恒立实业,-0.03,-29.17,,-7.33,,-1086.36,-28.82,,08-31,2373,恒立实业,-0.04,-17.41,,-13.16,,-1896.25,-16.65,,10-27,1414,恒立实业,0.11,-202.64,,27.03,,4799.91,-202.53,,04-20,1957,恒立实业,-0.01,-23.33,,-1.47,,-293.28,-24.06,,04-27,2021,恒立实业,-0.02,-26.67,,-4.02,,-793.99,-26.91,,08-24,1722,恒立实业,-0.03,-37.44,,-6.06,,-1186.12,-37.45,,10-27,784,恒立实业,-0.06,-157.04,,-14.58,,-2738.62,-157.06,,04-25,2467,恒立实业,-0.01,-13.04,,-1.36,,-253.72,-13.49,,04-25
1163,2408,齐翔腾达,化工原料,山东,25.56,16.76,17.75,995192.88,401557.66,357081.94,217425.8,1.22,0.141,3.89,3.72,20100518,259927.8,1.46,46.43,26.54,13.81,8.01,27227.0,2496,齐翔腾达,0.11,-21.43,,1.71,,6338.46,-18.24,,04-23,987,齐翔腾达,0.23,-28.13,,3.23,,12707.33,-28.68,,08-27,1889,齐翔腾达,0.26,-50.0,,4.02,,16715.93,-42.8,,10-28,2923,齐翔腾达,0.25,-52.83,,4.09,,18418.71,-38.48,,03-23,2139,齐翔腾达,0.05,-54.55,,0.72,,3982.16,-37.17,,04-27,2742,齐翔腾达,0.08,-65.22,,2.38,,13361.73,5.15,,08-17,2306,齐翔腾达,0.14,-46.15,,4.49,,25289.78,51.29,,10-27,3110,齐翔腾达,0.28,12.0,,8.67,,50251.02,172.83,,03-15,3023,齐翔腾达,0.11,120.0,,3.31,,19825.84,397.87,,04-22,3139,齐翔腾达,0.18,125.0,,5.36,,32325.64,141.93,,08-10,3257,齐翔腾达,0.32,128.57,,9.34,,57299.63,126.57,,10-21,2338,齐翔腾达,0.48,71.43,,13.61,,84961.2,69.07,10派1.2,03-31,3233,齐翔腾达,0.14,27.27,,3.7,,25088.52,26.54,,04-20
1167,300251,光线传媒,影视音像,北京,4.18,27.52,29.34,1367237.63,671433.5,3626.06,248303.84,0.85,0.679,3.55,3.2,20110803,439350.16,1.5,-34.25,976.95,37.76,497.27,71424.0,1769,光线传媒,0.0,-92.0,5.63,0.15,-0.03,474.43,-82.72,,04-25,2736,光线传媒,0.06,-40.0,4.4,1.7,-0.14,8218.75,-19.78,,08-05,2110,光线传媒,0.12,-36.84,4.26,3.44,-0.11,18333.58,-6.75,,10-27,1970,光线传媒,0.28,-15.15,,7.04,,40208.59,22.09,,04-12,2146,光线传媒,0.14,3400.0,,3.11,,21265.66,4382.32,,04-27,2745,光线传媒,0.11,83.33,2.36,4.63,0.3,32145.94,291.13,,08-16,2786,光线传媒,0.2,66.67,,8.43,,58034.26,216.55,,10-25,1268,光线传媒,0.25,-10.71,,10.67,,74091.13,84.27,,04-21,1620,光线传媒,0.06,-57.14,,2.61,,18503.89,-12.99,,04-27,1764,光线传媒,0.14,27.27,,5.61,,40055.5,24.61,,08-25,3025,光线传媒,0.21,7.1,,8.81,,62837.58,8.28,,10-24,1258,光线传媒,0.28,12.0,,10.98,,81515.69,10.02,10派2,04-21,2055,光线传媒,0.68,1033.33,,21.17,,199278.18,976.95,,04-26
1215,300492,山鼎设计,建筑施工,四川,315.26,0.25,0.83,37477.87,28614.8,5190.8,9621.55,1.16,0.023,3.8,7.69,20151223,11799.07,1.42,8.67,144.06,29.03,5.82,8860.0,180,山鼎设计,0.12,500.0,,4.79,,762.61,597.35,,06-25,174,山鼎设计,0.25,,2.75,9.51,-0.11,1551.71,,,12-04,281,山鼎设计,0.27,-1450.0,,10.43,,1712.55,-1402.85,,12-04,1317,山鼎设计,0.43,4.88,,15.85,,2680.12,4.64,,04-23,1980,山鼎设计,-0.01,-108.33,,-0.34,,-99.06,-112.99,,04-27,1717,山鼎设计,0.05,-80.0,3.38,1.3,-0.22,378.54,-75.61,,08-25,1908,山鼎设计,0.09,-67.52,,2.48,,729.68,-57.39,,10-28,1371,山鼎设计,0.24,-44.19,,6.88,,2015.51,-24.8,,04-20,1778,山鼎设计,0.01,-200.0,,0.27,,79.05,-179.8,,04-27,2291,山鼎设计,0.05,0.0,,1.46,,436.75,15.38,,08-22,2614,山鼎设计,0.08,-7.3,,2.25,,676.29,-7.32,,10-26,2275,山鼎设计,0.25,4.17,,6.74,,2061.31,2.27,,04-03,3419,山鼎设计,0.02,100.0,,0.61,,192.94,144.08,,04-17
1217,37,深南电A,火力发电,深圳,0.0,3.39,6.03,317200.28,155235.38,140380.27,36277.09,0.6,-0.018000000000000002,3.23,2.23,19940701,64924.82,1.08,26.59,60.1,4.58,-2.71,33019.0,1232,深南电A,-0.15,66.67,,-7.3,,-8844.88,69.52,,04-28,1546,深南电A,-0.17,41.67,,-8.41,,-10254.61,36.28,,08-25,2856,深南电A,-0.12,-20.0,,-5.9,,-7277.35,-18.41,,10-23,2231,深南电A,-1.05,90.91,,-66.58,,-63462.37,92.01,,04-01,1873,深南电A,-0.08,-46.67,,-7.89,,-4628.35,-47.67,,04-27,2117,深南电A,-0.09,-47.06,,-9.29,,-5645.47,-44.95,,08-23,2885,深南电A,-0.11,-8.33,,-10.62,,-6415.96,-11.84,,10-25,2586,深南电A,2.17,-306.67,,101.34,,130669.48,-305.9,,03-28,2849,深南电A,-0.05,-37.5,,-1.5,,-2738.89,-40.82,,04-25,3232,深南电A,-0.04,-55.56,,-1.17,,-2262.92,-59.92,,08-08,2986,深南电A,-0.0,-96.73,,-0.11,,-215.43,-96.64,,10-24,3105,深南电A,0.03,-98.62,,0.82,,1590.42,-98.78,,03-22,3060,深南电A,-0.02,-60.0,,-0.57,,-1092.78,-60.1,,04-21
1233,2326,永太科技,化工原料,浙江,22.06,5.38,8.22,591526.94,218620.25,148342.06,101489.05,1.23,0.104,3.37,2.73,20091222,87533.13,1.06,16.71,-47.81,30.13,13.95,70835.0,2805,永太科技,0.13,168.0,,2.24,,3820.52,210.04,,04-17,3042,永太科技,0.14,7.75,,6.36,,11066.12,255.49,,07-17,1991,永太科技,0.16,-16.49,,7.37,,12926.6,174.99,,10-27,2135,永太科技,0.18,-45.45,,8.22,,14426.5,73.1,,04-08,2281,永太科技,0.05,-64.33,,2.02,,3814.67,-0.15,,04-26,3364,永太科技,0.14,0.0,,5.76,,11088.11,0.2,,07-22,3403,永太科技,0.15,-4.94,,6.37,,12276.11,-5.03,,10-18,1870,永太科技,0.35,94.44,,14.02,,27701.89,92.02,,04-11,3412,永太科技,0.2,322.59,,6.9,,16429.27,330.69,,04-18,2631,永太科技,0.27,94.96,,8.94,,22077.77,99.11,,08-18,3005,永太科技,0.34,123.12,,11.23,,28009.58,128.16,,10-24,3396,永太科技,0.22,-37.14,,7.15,,18223.61,-34.22,10派1,03-06,2726,永太科技,0.1,-48.51,,3.18,,8575.07,-47.81,,04-24
1236,300484,蓝海华腾,电气设备,深圳,237.37,0.94,2.08,110648.32,96170.02,4227.76,8232.95,0.4,0.018000000000000002,3.41,4.89,20160322,37157.44,1.79,-58.91,-89.42,39.89,6.62,16123.0,135,蓝海华腾,0.25,,,4.95,,965.89,,,04-19,34,蓝海华腾,0.7,,,13.64,-0.4,2746.89,,,08-23,252,蓝海华腾,0.99,,5.74,18.75,-0.59,3864.17,,,03-09,1722,蓝海华腾,1.82,40.0,,31.97,,7093.91,39.95,,04-19,3178,蓝海华腾,0.5,100.0,,9.59,,2579.9,167.1,,04-19,2192,蓝海华腾,0.69,-1.43,5.02,17.16,0.07,6763.54,146.23,,08-23,3091,蓝海华腾,1.06,7.39,,23.83,,10596.31,174.22,,10-22,1732,蓝海华腾,1.59,-12.64,,32.02,,15527.47,118.88,,04-14,3487,蓝海华腾,0.33,-34.0,,5.52,,3457.22,34.01,,04-14,2275,蓝海华腾,0.34,-50.72,,11.07,,7084.06,4.74,,08-22,2996,蓝海华腾,0.51,-51.64,,16.48,,10695.45,0.94,,10-24,1708,蓝海华腾,0.62,-61.01,,19.57,,12826.84,-17.39,,04-17,3401,蓝海华腾,0.02,-93.94,,0.52,,365.64,-89.42,,04-17
1240,600969,郴电国际,水力发电,湖南,40.63,2.64,2.64,1278500.63,392709.0,508192.59,257206.59,9.73,0.066,12.98,0.83,20040408,52242.62,1.98,18.18,16.78,13.19,2.52,18959.0,1159,郴电国际,0.07,-12.66,,0.74,,1859.81,9.73,,04-28,715,郴电国际,0.27,-9.82,,2.82,,7180.57,13.35,,08-28,1477,郴电国际,0.36,-25.07,,3.69,,9415.92,-5.81,,10-29,1558,郴电国际,0.4,-48.45,,4.09,,10633.49,-37.86,10派0.7642转20,04-21,559,郴电国际,0.05,-23.72,,0.45,,1420.07,-23.64,,04-30,1645,郴电国际,0.22,-19.03,,1.86,,5815.6,-19.01,,08-26,940,郴电国际,0.33,-8.7,,2.74,,8596.86,-8.7,,10-29,1425,郴电国际,0.38,-5.77,,3.2,,10021.36,-5.76,10派0.664,04-20,796,郴电国际,0.06,5.4,,0.46,,1495.7,5.33,,04-29,1567,郴电国际,0.19,-14.82,,1.52,,4953.67,-14.82,,08-25,95,郴电国际,0.27,-15.99,,2.2,,7222.22,-15.99,,10-31,1344,郴电国际,0.11,-69.88,,0.93,,3019.59,-69.87,10派0.457转4,04-20,143,郴电国际,0.07,16.78,,0.51,,1746.68,16.78,,04-28
1248,300014,亿纬锂能,元器件,广东,56.82,8.19,8.55,831766.44,347673.31,209485.59,106720.22,1.25,0.087,3.74,5.27,20091030,114088.97,1.33,20.02,38.07,29.66,10.85,80986.0,1663,亿纬锂能,0.07,-50.0,2.51,2.76,0.01,2728.99,0.53,,04-27,1428,亿纬锂能,0.15,17.88,2.55,6.14,0.02,6169.31,17.91,,08-25,2760,亿纬锂能,0.24,50.06,2.65,9.22,0.13,9367.03,50.16,,10-23,3344,亿纬锂能,0.38,80.95,,13.86,,15130.26,79.62,,02-29,3239,亿纬锂能,0.09,28.57,,2.18,,3764.65,37.95,,04-16,2032,亿纬锂能,0.21,35.57,4.14,5.1,-0.17,8896.61,44.21,,08-23,2807,亿纬锂能,0.37,58.17,,8.96,,15876.73,69.5,,10-25,3357,亿纬锂能,0.59,55.26,,13.88,,25181.52,66.43,10派1.19503,02-28,1659,亿纬锂能,0.13,44.44,,2.73,,5376.14,42.81,,04-27,3330,亿纬锂能,0.27,28.57,,11.33,,23252.93,161.37,,08-01,2497,亿纬锂能,0.38,1.61,,15.42,,32313.56,103.53,,10-26,3183,亿纬锂能,0.47,-20.34,,18.83,,40336.48,60.18,10派1,03-20,3473,亿纬锂能,0.09,-30.77,,2.36,,7422.98,38.07,,04-13
1272,533,万 家 乐,家用电器,广东,98.62,6.85,6.91,551429.94,458074.81,23270.85,4081.43,0.06,0.012,2.3,2.06,19940103,76305.75,1.1,906.35,138.23,3.35,0.28,29002.0,768,万家乐,0.08,100.0,,3.95,,5195.26,89.7,,04-29,2378,万家乐,0.13,41.11,,6.59,,8753.38,42.94,,08-15,1623,万家乐,0.16,24.62,,8.33,,11159.23,27.18,,10-28,2042,万家乐,0.18,0.0,,9.25,,12379.51,-2.64,,04-11,1857,万家乐,0.04,-45.88,,2.16,,2992.88,-42.39,,04-27,1069,万家乐,0.07,-48.03,,3.27,,4568.2,-47.81,,08-27,886,万家乐,0.02,-85.8,,1.16,,1602.03,-85.64,,10-29,1976,万家乐,0.33,83.33,,15.26,,22665.79,83.09,10派0.5,04-08,1318,万家乐,0.01,-88.22,,0.22,,349.16,-88.33,,04-28,2011,万家乐,0.04,-46.97,,1.16,,2413.56,-47.17,,08-24,1229,万家乐,0.03,50.87,,1.52,,2398.09,49.69,,10-28,1855,万家乐,0.06,-81.82,,2.39,,3819.0,-83.15,10派0.15,04-14,2613,万家乐,0.01,135.29,,0.53,,831.8,138.23,,04-25
1280,971,高升控股,互联网,湖北,82.65,5.82,10.22,397015.97,97047.53,32777.82,331463.34,3.24,0.017,3.62,1.56,20000427,-15144.65,-0.15,3.94,-56.35,25.12,7.81,33235.0,1988,高升控股,-0.03,52.38,,-25.42,,-788.74,56.36,,04-25,3038,高升控股,-0.07,62.79,,-58.53,,-1710.57,64.64,,07-18,1015,高升控股,-0.09,47.54,,-78.28,,-2179.27,47.39,,10-30,3490,高升控股,0.01,-50.0,,0.86,,260.19,-36.56,,02-02,2830,高升控股,0.08,-350.0,,2.1,,3506.92,-544.62,,04-23,986,高升控股,0.11,-257.14,,2.82,,4746.32,-377.47,,08-27,979,高升控股,0.13,-242.22,,3.0,,5607.22,-357.3,,10-29,3418,高升控股,0.25,2400.0,,5.59,,11104.25,4167.7,,02-25,673,高升控股,0.08,0.0,,1.13,,4000.13,14.06,,04-29,1329,高升控股,0.16,45.45,,2.32,,8241.35,73.64,,08-26,1453,高升控股,0.24,87.5,,3.47,,12431.09,121.7,,10-28,2970,高升控股,0.31,24.0,,4.35,,15636.04,40.81,10转10,03-24,3462,高升控股,0.03,-57.25,,0.47,,1746.04,-56.35,,04-14
1298,2644,佛慈制药,中成药,甘肃,66.29,5.11,5.11,231939.25,102524.55,14873.44,32801.31,0.64,0.044,2.71,4.27,20111222,47073.15,0.92,41.42,64.02,30.15,15.56,37663.0,2321,佛慈制药,0.04,-42.27,,0.85,,624.56,15.62,,04-24,3041,佛慈制药,0.1,10.86,,2.54,,1915.26,19.42,10转15,07-17,3048,佛慈制药,0.07,-58.01,,3.12,,3299.9,18.47,,10-16,3105,佛慈制药,0.09,-53.38,,4.05,,4294.76,23.94,,03-17,2818,佛慈制药,0.02,-48.43,,0.75,,923.72,47.9,,04-23,3390,佛慈制药,0.06,-40.6,,2.43,,3032.54,58.34,,07-16,2585,佛慈制药,0.09,39.06,,3.6,,4670.83,41.54,,10-26,3043,佛慈制药,0.12,31.24,,4.83,,6092.62,41.86,,03-17,3164,佛慈制药,0.03,46.41,,1.04,,1354.88,46.68,,04-21,3461,佛慈制药,0.07,13.8,,2.64,,3450.53,13.78,,07-26,3254,佛慈制药,0.1,10.93,,3.94,,5182.09,10.95,,10-21,3458,佛慈制药,0.15,21.63,,5.58,,7409.28,21.61,10派0.13,02-13,2463,佛慈制药,0.04,64.15,,1.62,,2222.27,64.02,,04-25
1300,892,欢瑞世纪,影视音像,重庆,214.31,3.93,9.81,406245.53,394736.59,3648.21,113072.92,1.15,0.009000000000000001,3.19,2.3,19990115,98621.34,1.01,153.06,129.05,40.0,10.68,22622.0,594,欢瑞世纪,-0.0,-50.0,,-13.17,,-36.76,-51.18,,04-30,2906,欢瑞世纪,-0.0,57.69,,-78.92,,-168.32,53.79,,07-30,2848,欢瑞世纪,-0.01,40.91,,-153.45,,-258.27,40.96,,10-23,3456,欢瑞世纪,0.0,-153.45,,35.87,,130.03,-154.38,,02-06,3251,欢瑞世纪,0.0,-155.56,,4.76,,20.86,-156.74,,04-15,3365,欢瑞世纪,-0.0,-90.24,,-3.74,,-15.68,-90.69,,07-22,3246,欢瑞世纪,-0.0,-77.42,,-14.77,,-58.81,-77.23,,10-21,2030,欢瑞世纪,0.62,19900.0,,24.89,,26507.31,20286.15,,04-07,1463,欢瑞世纪,-0.03,-6000.0,,-1.08,,-2895.84,-13981.99,,04-28,1863,欢瑞世纪,-0.04,10000.0,,-1.48,,-3963.4,25180.57,,08-25,1739,欢瑞世纪,-0.02,1392.86,,-0.76,,-2053.42,3391.47,,10-27,345,欢瑞世纪,0.43,-30.65,,14.51,,42207.16,59.23,,04-27,1362,欢瑞世纪,0.01,-129.15,,0.27,,841.11,-129.05,,04-27
1304,2523,天桥起重,工程机械,湖南,96.49,11.75,14.17,336054.56,238794.8,41421.96,46567.18,0.33,0.01,1.48,2.72,20101210,43139.12,0.3,-0.31,13.41,29.03,9.05,34761.0,1035,天桥起重,0.01,0.0,,0.3,,322.75,32.81,,04-29,1943,天桥起重,0.03,200.0,,1.01,,1084.55,149.35,,08-21,1212,天桥起重,0.09,800.0,,3.62,,4046.31,951.64,,10-30,2795,天桥起重,0.17,325.0,,7.38,,8172.38,496.49,,03-26,1015,天桥起重,0.02,100.0,,0.55,,966.98,199.61,,04-29,3236,天桥起重,0.04,33.33,,2.04,,3628.93,234.6,,07-30,1067,天桥起重,0.08,-11.11,,3.87,,6949.05,71.74,,10-29,2986,天桥起重,0.13,-23.53,,5.95,,10698.65,30.91,,03-18,801,天桥起重,0.02,0.0,,0.7,,1301.09,34.55,,04-29,3048,天桥起重,0.04,0.0,,2.26,,4201.1,15.77,,08-12,3429,天桥起重,0.08,0.0,,4.12,,7721.97,11.12,,10-17,3195,天桥起重,0.12,-7.69,,6.18,,11684.61,9.22,10派0.5转4,03-19,3126,天桥起重,0.01,-50.0,,0.71,,1475.51,13.41,,04-21
1310,300144,宋城演艺,旅游景点,浙江,22.8,11.53,14.53,910209.13,271186.53,160663.06,247631.2,1.7,0.222,5.25,3.85,20101209,347426.81,2.39,6.0,31.48,67.97,45.26,35592.0,2542,宋城演艺,0.17,88.89,6.35,2.74,0.3,9552.59,91.28,,04-22,2731,宋城演艺,0.5,61.29,6.52,7.76,0.71,27684.44,60.09,10转14.0738,08-06,2366,宋城演艺,0.38,-33.33,3.42,13.84,0.55,53917.93,70.44,,10-27,3340,宋城演艺,0.45,-30.77,,15.15,,63056.09,74.58,,02-29,2553,宋城演艺,0.13,-21.41,,3.4,,19405.18,103.14,,04-26,1883,宋城演艺,0.3,-40.5,4.08,7.49,0.39,43213.78,56.09,,08-24,3449,宋城演艺,0.53,38.37,,12.91,,76379.27,41.66,,10-11,3345,宋城演艺,0.62,37.78,,15.07,,90230.52,43.1,,02-28,2423,宋城演艺,0.17,26.27,,3.75,,24504.76,26.28,,04-26,2916,宋城演艺,0.36,21.01,,7.9,,52360.7,21.17,,08-16,2363,宋城演艺,0.63,19.82,,13.52,,91790.85,20.18,,10-26,2751,宋城演艺,0.73,17.74,,15.6,,106761.21,18.32,10派1.2,03-28,1792,宋城演艺,0.22,30.41,,4.31,,32219.2,31.48,,04-26
1334,600149,ST坊展,综合类,河北,0.0,3.8,3.8,32623.6,18644.22,1161.81,10597.37,0.28,-0.008,0.53,15.12,19991014,-33127.35,-0.87,0.0,-23.96,10.52,-1834.57,49505.0,1919,ST坊展,-0.0,-250.0,,-0.5,,-137.07,-248.28,,04-25,2065,ST坊展,-0.01,-500.0,,-1.64,,-444.03,-553.94,,08-20,1456,ST坊展,-0.01,-148.18,,-0.81,,-200.61,-149.17,,10-29,2902,ST坊展,-0.17,-1154.37,,-26.56,,-6415.13,-1156.0,,03-24,1210,ST坊展,-0.03,841.67,,-6.35,,-1288.35,839.89,,04-29,3154,ST坊展,-0.04,216.67,,-7.07,,-1429.49,221.94,,08-04,2336,ST坊展,-0.04,660.38,,-7.59,,-1530.68,663.01,,10-27,678,ST坊展,-0.07,-61.35,,-12.63,,-2479.42,-61.35,,04-27,1931,ST坊展,-0.01,-82.01,,-1.27,,-232.06,-81.99,,04-27,255,ST坊展,-0.01,-63.16,,-3.03,,-548.21,-61.65,,08-31,376,ST坊展,-0.01,-64.52,,-3.0,,-542.98,-64.53,,10-31,122,ST坊展,0.05,-182.21,,10.51,,2039.47,-182.26,,04-28,625,ST坊展,-0.01,24.59,,-1.42,,-287.67,23.96,,04-28
1336,300491,通合科技,电气设备,河北,0.0,0.51,1.46,56704.98,37041.2,16516.35,18042.42,1.24,-0.01,2.95,6.95,20151231,10821.8,0.74,-10.47,16.74,35.18,-5.33,17011.0,169,通合科技,0.07,,,2.16,,394.07,220.12,,06-26,153,通合科技,0.27,,3.16,8.65,0.22,1635.11,,,12-16,271,通合科技,0.44,12.82,,13.54,,2625.05,13.65,,12-16,2992,通合科技,0.71,14.52,,21.14,,4273.7,14.73,,03-22,3104,通合科技,0.08,14.29,,1.6,,636.65,61.56,,04-20,2983,通合科技,0.23,-13.15,4.88,4.73,-0.06,1876.15,14.74,,08-10,3376,通合科技,0.34,-22.91,,6.85,,2713.24,3.36,,10-19,2867,通合科技,0.51,-28.17,,10.26,,4103.8,-3.98,,03-22,3486,通合科技,-0.02,-125.0,,-0.43,,-177.95,-127.95,,04-14,2759,通合科技,-0.05,-119.23,,-1.54,,-628.9,-133.52,,08-18,2206,通合科技,-0.03,-109.4,,-1.09,,-438.62,-116.17,,10-27,3146,通合科技,0.07,-86.27,,2.62,,1071.75,-73.88,,03-20,2250,通合科技,-0.01,-50.0,,-0.34,,-148.16,-16.74,,04-26
1337,300235,方直科技,软件服务,深圳,61.16,1.06,1.68,62658.23,44263.3,9656.0,28174.75,1.68,0.053,3.52,3.7,20110629,12173.55,0.73,16.04,20.78,61.3,24.64,14337.0,1662,方直科技,0.08,-27.27,2.2,3.56,0.01,1220.42,24.95,,04-27,1695,方直科技,0.07,-41.67,2.09,3.15,0.04,1074.56,4.83,,08-24,2398,方直科技,0.15,0.0,2.17,6.83,-0.03,2339.8,-2.74,,10-26,2177,方直科技,0.14,0.0,,6.55,,2222.81,-1.31,,04-06,2479,方直科技,0.06,-25.0,,2.58,,896.18,-26.57,,04-26,2020,方直科技,0.03,-56.14,2.13,1.45,-0.06,486.45,-54.73,,08-23,2785,方直科技,0.11,-23.53,,5.21,,1817.5,-22.32,,10-25,2623,方直科技,0.12,-14.29,,5.3,,1841.26,-17.16,,03-28,2612,方直科技,0.04,-33.33,,2.08,,740.66,-17.35,,04-25,1762,方直科技,-0.01,-140.72,,-0.44,,-204.16,-141.97,,08-25,3023,方直科技,0.07,-37.75,,2.31,,1175.13,-35.34,,10-24,1625,方直科技,0.05,-58.33,,1.69,,882.25,-52.08,,04-18,2791,方直科技,0.05,25.0,,1.53,,894.58,20.78,,04-24
1361,2801,微光股份,电气设备,浙江,51.61,0.29,1.18,97659.74,82279.38,11490.15,23629.35,2.0,0.156,7.25,4.44,20160622,46517.19,3.93,13.48,-18.42,25.65,14.81,13148.0,21,微光股份,0.35,,,4.53,0.28,1547.97,,,06-07,70,微光股份,0.87,,,10.99,,3849.71,,,07-28,189,微光股份,1.38,,,,,6096.52,,,10-27,635,微光股份,1.86,15.53,9.29,22.17,2.21,8222.46,16.01,,06-07,435,微光股份,0.43,22.86,9.73,4.53,0.34,1903.14,22.94,,06-07,3315,微光股份,1.05,20.69,,10.73,,4652.42,20.85,,07-28,2289,微光股份,1.44,4.35,,13.36,,7062.59,15.85,,10-27,2971,微光股份,1.94,4.3,,17.21,,9993.81,21.54,,03-20,3257,微光股份,0.38,-11.63,,2.98,,2262.0,18.86,,04-20,3349,微光股份,0.47,-55.24,,7.16,,5501.69,18.25,,07-31,2172,微光股份,0.67,-53.47,,10.21,,7936.86,12.38,,10-27,3260,微光股份,0.91,-53.09,,13.61,,10756.71,7.63,,03-16,3234,微光股份,0.16,-57.89,,2.17,,1845.32,-18.42,,04-20
1365,2520,日发精机,机床制造,浙江,72.27,5.3,5.54,266599.56,204795.23,40416.14,97096.15,1.75,0.035,3.19,3.2,20101210,17488.22,0.32,11.4,34.9,29.73,7.4,29404.0,1712,日发精机,0.05,-28.57,,1.75,,1178.27,-20.15,,04-27,2826,日发精机,0.07,-46.15,,3.54,,2393.83,-12.76,,07-31,558,日发精机,0.1,-44.44,,4.91,,3309.62,-16.11,,10-31,1779,日发精机,0.12,-45.45,,5.86,,3957.8,-18.49,,04-16,2118,日发精机,0.03,-40.0,,0.77,,1286.75,9.21,,04-27,1781,日发精机,0.05,-28.57,,1.6,,2670.09,11.54,,08-25,1658,日发精机,0.06,-40.0,,2.02,,3363.81,1.64,,10-28,2183,日发精机,0.07,-41.67,,2.46,,4112.47,3.91,,03-31,2296,日发精机,0.03,0.0,,0.86,,1452.04,12.85,,04-26,1701,日发精机,0.07,40.0,,2.29,,3898.94,46.02,,08-25,2912,日发精机,0.08,33.33,,2.73,,4669.43,38.81,,10-25,3226,日发精机,0.1,42.86,,3.33,,5716.94,39.01,10派1,03-17,3031,日发精机,0.04,33.33,,1.11,,1958.83,34.9,,04-23
1381,551,创元科技,专用机械,江苏,39.0,4.0,4.0,419857.94,265220.13,83357.2,32729.7,0.82,0.047,4.07,1.81,19940106,58079.18,1.45,14.29,12.79,24.05,2.63,28475.0,1248,创元科技,0.03,0.0,,0.89,,1179.43,-13.23,,04-28,1533,创元科技,0.05,-16.67,,1.61,,2148.6,-16.2,,08-25,1966,创元科技,0.08,-11.11,,2.4,,3187.19,-9.41,,10-27,2701,创元科技,0.06,-25.0,,1.83,,2411.13,-22.35,,03-29,2256,创元科技,0.03,0.0,,0.92,,1215.46,3.06,,04-26,742,创元科技,0.1,100.0,,2.91,,3907.0,81.84,,08-30,2423,创元科技,0.15,87.5,,4.0,,5896.95,85.02,,10-27,2589,创元科技,0.12,100.0,,3.69,,4977.11,106.42,,03-28,2345,创元科技,0.04,33.33,,1.04,,1673.79,37.71,,04-26,2286,创元科技,0.12,20.0,,3.07,,4995.32,27.86,,08-22,1072,创元科技,0.19,26.67,,4.59,,7530.94,27.71,,10-28,2561,创元科技,0.17,41.67,,4.06,,6643.16,33.47,10派1,03-30,417,创元科技,0.05,25.0,,1.16,,1887.8,12.79,,04-28
1385,2713,东易日盛,装修装饰,北京,0.0,0.75,2.63,343175.81,189477.72,57038.05,69572.06,2.65,-0.236,4.79,5.04,20140219,22962.0,0.87,34.35,-5.7,32.27,-8.66,12226.0,2806,东易日盛,-0.53,29.27,,-7.38,,-6621.46,29.91,,04-17,2752,东易日盛,-0.11,-165.32,,-1.7,,-1547.4,-178.68,,08-05,2002,东易日盛,-0.14,-166.67,,-3.0,,-2604.21,-202.9,,10-27,1251,东易日盛,0.39,-59.38,,10.52,,9836.63,-15.42,,04-25,2630,东易日盛,-0.25,-52.83,,-6.74,,-6213.98,-6.15,,04-25,2473,东易日盛,-0.05,-54.55,,-1.4,,-1344.26,-13.13,,08-19,2913,东易日盛,0.06,-142.86,,2.0,,1498.41,-157.54,,10-25,3234,东易日盛,0.69,76.92,,17.46,,17287.08,75.74,,03-10,773,东易日盛,-0.23,-8.0,,-5.79,,-5872.65,-5.49,,04-29,440,东易日盛,-0.03,-40.0,,-0.84,,-767.99,-42.87,,08-30,3288,东易日盛,0.17,183.33,,4.37,,4233.21,182.51,,10-20,615,东易日盛,0.86,24.64,,21.05,,21757.67,25.86,10派11,04-26,2240,东易日盛,-0.24,4.35,,-4.81,,-6207.21,5.7,,04-26
1401,300298,三诺生物,医疗保健,湖南,35.07,4.05,4.71,284363.0,158002.8,27852.6,129413.97,2.75,0.19,5.27,4.71,20120319,55890.36,1.19,33.96,85.39,62.98,26.58,10298.0,2109,三诺生物,0.16,-29.66,5.8,2.9,0.02,3302.7,6.0,,04-24,2486,三诺生物,0.29,-28.97,4.4,6.49,0.2,7504.71,-7.34,,08-13,2161,三诺生物,0.48,-34.8,4.64,10.68,0.32,12500.14,-14.78,,10-27,3495,三诺生物,0.55,-44.35,,12.42,,14366.3,-27.2,10派3.6,01-30,2615,三诺生物,0.13,-21.54,,3.48,,4388.28,32.87,,04-25,1686,三诺生物,0.17,-39.42,3.52,4.31,0.33,5236.36,-30.23,,08-25,1746,三诺生物,0.38,-20.6,,9.67,,11900.1,-4.8,,10-28,2185,三诺生物,0.36,-34.45,,9.47,,11519.83,-19.81,,03-31,3178,三诺生物,0.13,2.71,,3.46,,4492.55,2.38,,04-21,808,三诺生物,0.27,53.29,,7.2,,9357.21,78.7,,08-29,1312,三诺生物,0.57,49.62,,16.03,,20985.76,76.35,,10-28,722,三诺生物,0.63,75.74,,19.43,,25797.19,123.94,10派3转2,04-25,2568,三诺生物,0.19,42.39,,4.28,,8328.94,85.39,,04-25
1433,300143,星普医科,医疗保健,广东,60.21,2.63,5.47,268167.41,32568.75,13257.07,228914.41,4.19,0.065,4.41,3.56,20101209,-13509.8,-0.25,268.34,-30.15,57.64,24.94,9174.0,2183,星普医科,0.01,-15.0,2.09,0.41,0.06,125.41,-41.55,,04-24,3037,星普医科,0.04,-140.0,2.12,1.95,0.07,602.03,-139.81,,07-18,2751,星普医科,0.07,-133.33,2.14,3.12,0.16,970.97,-131.52,,10-23,3118,星普医科,0.07,-103.52,,3.39,,1057.66,-103.61,,03-16,3023,星普医科,0.03,309.41,,0.56,,814.11,549.17,,04-22,2883,星普医科,0.06,47.75,6.22,0.95,-0.07,1382.92,129.71,,08-13,2795,星普医科,0.13,80.57,,1.93,,3092.84,218.53,,10-25,2005,星普医科,0.22,214.29,,3.16,,5508.04,420.78,,04-07,2210,星普医科,0.18,412.64,,2.27,,5109.16,527.58,,04-26,2607,星普医科,0.29,386.13,,3.56,,8110.36,486.47,,08-18,3152,星普医科,0.45,252.85,,5.59,,12591.13,307.11,,10-23,3222,星普医科,0.43,95.45,,5.22,,12239.62,122.21,10转9,03-17,1823,星普医科,0.12,-32.74,,1.49,,3568.92,-30.15,,04-26
1439,2,万 科Ａ,全国地产,深圳,83.48,97.15,110.39,122426480.0,106631528.0,886790.19,830205.69,0.75,0.081,12.34,2.19,19910129,8066347.0,7.31,65.83,28.68,34.17,2.9,248332.0,1704,万科A,0.06,-57.86,8.05,0.73,-1.39,65023.24,-57.49,,04-27,2341,万科A,0.44,0.46,7.9,5.41,-0.62,484627.91,0.77,,08-17,1873,万科A,0.62,5.97,8.05,7.69,-0.42,685445.79,6.14,,10-28,3174,万科A,1.64,14.69,9.08,19.14,,1811940.62,15.08,10派7.2,03-14,1475,万科A,0.08,27.12,9.12,0.83,-0.97,83323.29,28.14,,04-28,2261,万科A,0.48,10.39,8.83,5.2,2.34,535131.0,10.42,,08-22,1790,万科A,0.75,20.45,9.1,8.13,,826238.1,20.54,,10-28,2675,万科A,1.9,15.85,10.28,19.68,,2102260.63,16.02,10派7.9,03-27,1006,万科A,0.06,-16.0,,0.61,,69541.16,-16.54,,04-28,1743,万科A,0.66,36.19,10.2,6.22,1.98,730272.4,36.47,,08-25,2133,万科A,1.01,34.36,,9.53,,1109100.09,34.23,,10-27,2909,万科A,2.54,33.68,12.02,22.8,,2805181.49,33.44,10派9,03-27,2252,万科A,0.08,28.57,,0.66,,89487.8,28.68,,04-26
1441,2105,信隆健康,文教休闲,深圳,0.0,3.69,3.69,139614.69,83078.72,45909.9,6092.15,0.17,-0.015,1.42,4.03,20070112,3279.56,0.09,-12.45,-497.72,12.1,-1.65,30699.0,2108,信隆健康,0.0,-36.17,,0.2,,102.87,-17.56,,04-24,2477,信隆健康,0.0,-33.33,,0.16,,85.84,-15.32,,08-14,2710,信隆健康,-0.13,-2969.57,,-9.86,,-4858.69,-3277.45,,10-23,1855,信隆健康,-0.15,-1093.33,,-11.22,,-5483.14,-1156.16,,04-15,2697,信隆健康,0.01,366.67,,1.12,,510.66,396.41,,04-25,2643,信隆健康,0.05,2400.0,,3.94,,1824.42,2025.4,,08-18,3208,信隆健康,0.06,-145.45,,4.79,,2228.65,-145.87,,10-21,1497,信隆健康,0.08,-151.68,,6.1,,2855.17,-152.07,,04-19,2953,信隆健康,0.0,-71.43,,0.28,,137.24,-73.13,,04-24,2731,信隆健康,0.08,68.0,,6.22,,3101.43,70.0,,08-18,3338,信隆健康,0.12,98.33,,8.72,,4397.75,97.33,,10-20,1602,信隆健康,0.12,61.04,,9.61,,4579.1,60.38,10派0.6,04-18,1742,信隆健康,-0.02,-475.0,,-1.04,,-545.81,-497.72,,04-27
1457,2240,威华股份,家居用品,广东,518.74,4.9,5.35,292933.66,120039.31,121104.6,151193.36,2.82,0.008,3.82,4.17,20080523,-8809.76,-0.16,55.93,133.36,5.09,0.87,27768.0,1238,威华股份,-0.01,-45.45,,-0.19,,-296.47,-45.9,,04-28,826,威华股份,-0.01,-218.18,,-0.4,,-627.08,-213.43,,08-28,1583,威华股份,-0.1,-1100.0,,-3.0,,-4672.49,-745.6,,10-28,3356,威华股份,-0.4,-2085.0,,-13.14,,-19482.86,-1807.52,,02-29,1877,威华股份,-0.07,1081.67,,-2.54,,-3480.99,1074.15,,04-27,2099,威华股份,-0.13,900.0,,-4.71,,-6373.24,916.34,,08-23,2422,威华股份,-0.12,20.0,,-4.28,,-5812.21,24.39,,10-27,3398,威华股份,0.05,-112.59,,1.68,,2340.58,-112.01,,02-28,2994,威华股份,0.0,-105.08,,0.12,,176.12,-105.06,,04-24,3439,威华股份,0.02,-112.23,,0.55,,777.87,-112.21,,07-27,2738,威华股份,0.04,-131.42,,1.3,,1851.3,-131.85,,10-25,3443,威华股份,0.05,0.0,,1.84,,2626.16,12.2,,02-23,3426,威华股份,0.01,113.89,,0.2,,411.01,133.36,,04-17
1469,2336,人人乐,超市连锁,深圳,22.39,3.39,4.0,524833.94,278025.28,148750.11,247589.8,6.19,0.141,4.56,2.76,20100113,-115057.11,-2.88,-9.63,1050.96,25.49,2.34,15885.0,1301,人人乐,0.11,82.7,,1.6,,4393.54,82.84,,04-28,2082,人人乐,0.11,282.09,,1.65,,4524.71,282.3,,08-20,1226,人人乐,-0.36,82.57,,-5.38,,-14248.48,82.58,,10-29,1719,人人乐,-1.19,3.08,,-19.11,,-47472.96,3.09,,04-19,592,人人乐,0.05,-52.82,,0.92,,2071.39,-52.85,,04-30,2489,人人乐,0.04,-63.93,,0.72,,1632.71,-63.92,,08-19,3281,人人乐,0.02,-104.88,,0.31,,695.79,-104.88,,10-21,2304,人人乐,0.15,-112.74,,2.66,,6048.06,-112.74,,03-31,2347,人人乐,0.01,-76.45,,0.21,,488.53,-76.42,,04-26,2716,人人乐,-0.34,-925.74,,-6.02,,-13474.86,-925.31,,08-18,778,人人乐,-0.7,-4112.07,,-12.88,,-27922.22,-4113.02,,10-30,1186,人人乐,-1.35,-990.21,,-26.42,,-53841.16,-990.22,,04-23,2963,人人乐,0.14,1052.46,,3.13,,5622.79,1050.97,,04-24
1485,603699,纽威股份,专用机械,江苏,89.75,7.5,7.5,456987.31,363683.91,66554.21,80273.71,1.07,0.056,3.46,5.84,20140117,82808.52,1.1,14.06,-18.92,29.8,7.09,14432.0,795,纽威股份,0.17,-5.56,,5.13,,12587.77,-3.2,,04-29,1804,纽威股份,0.31,-8.82,,9.58,,23403.77,-7.12,,08-22,1558,纽威股份,0.44,-18.52,,13.58,,32892.01,-17.84,,10-29,1775,纽威股份,0.46,-38.67,,14.17,,34214.38,-39.33,,04-16,1127,纽威股份,0.09,-47.06,,2.72,,6688.44,-46.87,,04-29,1254,纽威股份,0.19,-38.71,,5.6,,14020.45,-40.09,,08-27,892,纽威股份,0.26,-40.91,,7.83,,19355.05,-41.16,,10-29,1749,纽威股份,0.29,-36.96,,9.0,,21948.36,-35.85,,04-13,562,纽威股份,0.07,-22.22,,2.08,,5202.37,-22.22,,04-29,404,纽威股份,0.14,-26.32,,4.04,,10182.35,-27.38,,08-30,1161,纽威股份,0.21,-19.23,,6.2,,15556.95,-19.62,,10-28,1868,纽威股份,0.28,-3.45,,8.31,,20917.73,-4.7,,04-14,682,纽威股份,0.06,-14.29,,1.64,,4217.91,-18.92,,04-28
1493,2267,陕天然气,供气供热,陕西,6.99,11.12,11.12,1191239.88,302807.59,684977.31,128990.01,1.16,0.282,5.34,1.48,20080813,282505.88,2.54,8.84,42.6,15.88,10.84,38173.0,1297,陕天然气,0.27,9.66,,6.53,,30413.31,19.94,,04-28,2465,陕天然气,0.33,17.3,,7.86,,36655.82,28.27,,08-14,1216,陕天然气,0.38,18.53,,9.16,,42746.4,29.34,,10-30,2043,陕天然气,0.53,7.09,,12.43,,58627.17,14.43,10派2,04-11,2295,陕天然气,0.31,12.29,,6.65,,34146.94,12.28,,04-26,2627,陕天然气,0.35,4.85,,7.51,,38432.56,4.85,,08-18,3269,陕天然气,0.37,-3.23,,8.16,,41363.87,-3.23,,10-21,1119,陕天然气,0.46,-13.26,,10.0,,50853.57,-13.26,10派1.5,04-25,2836,陕天然气,0.2,-35.53,,4.05,,22018.24,-35.52,,04-25,2858,陕天然气,0.23,-34.43,,4.62,,25196.01,-34.44,,08-16,3016,陕天然气,0.23,-37.31,,4.71,,25930.53,-37.31,,10-24,1799,陕天然气,0.36,-22.24,,7.27,,39542.91,-22.24,10派3,04-17,3436,陕天然气,0.28,42.58,,5.46,,31398.84,42.6,,04-17
1494,2732,燕塘乳业,乳制品,广东,104.7,1.56,1.57,135561.31,33941.31,78861.63,31940.59,2.03,0.06,6.09,4.15,20141205,42473.06,2.7,9.14,-21.02,32.1,3.68,19261.0,2497,燕塘乳业,0.07,-22.22,,1.51,,1095.78,1.41,,04-23,2892,燕塘乳业,0.29,-17.14,,6.21,,4584.62,11.26,,07-30,2902,燕塘乳业,0.51,-7.27,,10.79,,8060.65,24.55,,10-22,3471,燕塘乳业,0.61,-6.15,,12.8,,9605.77,21.5,,02-04,2140,燕塘乳业,0.06,-14.29,,1.14,,898.45,-18.01,,04-27,3286,燕塘乳业,0.31,6.9,,6.1,,4863.24,6.08,,07-29,1646,燕塘乳业,0.57,11.76,,11.09,,8967.24,11.25,,10-28,3374,燕塘乳业,0.67,9.84,,13.06,,10608.74,10.44,,02-28,3500,燕塘乳业,0.08,33.33,,1.4,,1203.6,33.96,,04-12,3207,燕塘乳业,0.38,22.58,,6.85,,6020.96,23.81,,08-08,2163,燕塘乳业,0.67,17.54,,11.85,,10601.14,18.22,,10-27,1623,燕塘乳业,0.77,14.93,,13.44,,12076.78,13.84,10派6,04-18,1234,燕塘乳业,0.06,-25.0,,0.99,,950.56,-21.02,,04-27
1502,2658,雪迪龙,环境保护,北京,243.57,3.04,6.05,266028.16,220208.2,15802.61,24465.47,0.4,0.011,3.32,3.22,20120309,91814.63,1.52,17.62,-46.82,46.52,3.62,48248.0,2665,雪迪龙,0.05,-28.57,,2.14,,2929.79,45.8,,04-21,3008,雪迪龙,0.15,50.0,,6.46,,8962.96,46.95,,07-23,1568,雪迪龙,0.28,-36.36,,12.13,,17209.83,40.69,,10-28,3247,雪迪龙,0.43,-40.28,,18.07,,26292.75,32.23,,03-10,2259,雪迪龙,0.02,-60.0,,0.72,,1138.92,-61.13,,04-26,2273,雪迪龙,0.08,-50.0,,2.87,,4536.59,-49.39,,08-22,2425,雪迪龙,0.15,-46.43,,5.86,,9323.44,-45.82,,10-27,3128,雪迪龙,0.32,-25.58,,11.86,,19390.36,-26.25,,03-15,1919,雪迪龙,0.02,0.0,,0.72,,1246.92,9.48,,04-27,1353,雪迪龙,0.09,20.0,,3.01,,5200.24,14.63,,08-26,2982,雪迪龙,0.19,26.67,,6.68,,11711.03,25.61,,10-24,2763,雪迪龙,0.36,12.5,,11.95,,21478.82,10.77,,03-28,2375,雪迪龙,0.01,-50.0,,0.35,,663.07,-46.82,,04-25
1504,601155,XD新城控,区域地产,江苏,50.11,7.19,22.57,19478734.0,15255507.0,214755.55,262081.3,1.16,0.15,9.38,3.41,20151204,1608827.13,7.13,154.21,752.61,36.41,6.96,52525.0,68,新城控股,0.03,,,0.47,,3264.62,,,04-28,245,新城控股,,,,,,45907.37,,,10-30,285,新城控股,0.38,,6.35,6.24,0.51,44819.95,,,12-03,3458,新城控股,1.51,,,22.53,,183627.44,57.32,10派1.08转3,02-05,1563,新城控股,-0.11,-505.0,,-1.61,,-19369.71,-693.32,,04-28,3242,新城控股,0.45,,,6.81,,85235.36,85.67,,07-30,3426,新城控股,0.44,15.66,,7.02,,88296.6,97.0,,10-15,3415,新城控股,1.36,-9.93,,22.44,,301922.85,64.42,10派3.3,02-25,3352,新城控股,0.02,-117.64,,0.28,,4227.15,-121.82,,04-19,2547,新城控股,0.51,13.33,,7.44,,113922.94,33.66,,08-19,1194,新城控股,0.9,104.78,,12.81,,199184.32,125.59,,10-28,3298,新城控股,2.71,99.26,,34.18,,602890.77,99.68,10派8.1,03-15,406,新城控股,0.15,650.0,,1.72,,36040.98,752.61,,04-28
